/*
SQLyog Ultimate v11.11 (64 bit)
MySQL - 5.6.12-log : Database - db_spp2
*********************************************************************
*/

/*!40101 SET NAMES utf8 */;

/*!40101 SET SQL_MODE=''*/;

/*!40014 SET @OLD_UNIQUE_CHECKS=@@UNIQUE_CHECKS, UNIQUE_CHECKS=0 */;
/*!40014 SET @OLD_FOREIGN_KEY_CHECKS=@@FOREIGN_KEY_CHECKS, FOREIGN_KEY_CHECKS=0 */;
/*!40101 SET @OLD_SQL_MODE=@@SQL_MODE, SQL_MODE='NO_AUTO_VALUE_ON_ZERO' */;
/*!40111 SET @OLD_SQL_NOTES=@@SQL_NOTES, SQL_NOTES=0 */;
CREATE DATABASE /*!32312 IF NOT EXISTS*/`db_spp2` /*!40100 DEFAULT CHARACTER SET latin1 */;

USE `db_spp2`;

/*Table structure for table `tbl_history_kelas` */

DROP TABLE IF EXISTS `tbl_history_kelas`;

CREATE TABLE `tbl_history_kelas` (
  `Id` bigint(20) unsigned NOT NULL AUTO_INCREMENT,
  `No_Induk` varchar(15) NOT NULL,
  `KelasId` int(5) unsigned NOT NULL,
  `SekolahId` int(5) unsigned NOT NULL,
  `JurusanId` int(5) unsigned NOT NULL,
  `TahunAjaran` int(4) unsigned NOT NULL,
  PRIMARY KEY (`Id`),
  KEY `FK_tbl_historykelas4` (`JurusanId`),
  KEY `FK_tbl_historykelas2` (`KelasId`),
  KEY `FK_tbl_historykelas3` (`SekolahId`),
  KEY `FK_tbl_historykelass` (`JurusanId`),
  KEY `FK_tbl_history_kelas` (`No_Induk`),
  CONSTRAINT `FK_tbl_historykelas2` FOREIGN KEY (`KelasId`) REFERENCES `tbl_kelas` (`Id`) ON DELETE CASCADE ON UPDATE CASCADE,
  CONSTRAINT `FK_tbl_historykelas3` FOREIGN KEY (`SekolahId`) REFERENCES `tbl_sekolah` (`Id`) ON DELETE CASCADE ON UPDATE CASCADE,
  CONSTRAINT `FK_tbl_historykelass` FOREIGN KEY (`JurusanId`) REFERENCES `tbl_jurusan` (`Id`) ON DELETE CASCADE ON UPDATE CASCADE,
  CONSTRAINT `FK_tbl_history_kelas` FOREIGN KEY (`No_Induk`) REFERENCES `tbl_siswa` (`No_Induk`) ON DELETE CASCADE ON UPDATE CASCADE
) ENGINE=InnoDB AUTO_INCREMENT=13 DEFAULT CHARSET=utf8;

/*Data for the table `tbl_history_kelas` */

insert  into `tbl_history_kelas`(`Id`,`No_Induk`,`KelasId`,`SekolahId`,`JurusanId`,`TahunAjaran`) values (1,'1234189',7,1,2,2009),(2,'2565781',7,1,2,2010),(8,'10117010',10,1,3,2010),(9,'10117006',7,1,2,2009),(10,'11128130',3,2,1,2010),(11,'100012',7,1,2,2009),(12,'1000121',7,1,2,2009);

/*Table structure for table `tbl_jns_transaksi` */

DROP TABLE IF EXISTS `tbl_jns_transaksi`;

CREATE TABLE `tbl_jns_transaksi` (
  `JnstransaksiId` int(5) unsigned NOT NULL AUTO_INCREMENT,
  `NamaJnsTransaksi` varchar(20) NOT NULL,
  `BisaCicil` tinyint(1) unsigned NOT NULL DEFAULT '0',
  `PeriodeBayarId` int(10) unsigned NOT NULL,
  `JumlahPembayaran` int(10) unsigned NOT NULL,
  PRIMARY KEY (`JnstransaksiId`),
  UNIQUE KEY `NewIndex1` (`NamaJnsTransaksi`),
  KEY `FK_tbl_jnstransaksi99` (`PeriodeBayarId`),
  CONSTRAINT `FK_tbl_jnstransaksi99` FOREIGN KEY (`PeriodeBayarId`) REFERENCES `tbl_periode_bayar` (`Id`) ON DELETE CASCADE ON UPDATE CASCADE
) ENGINE=InnoDB AUTO_INCREMENT=6 DEFAULT CHARSET=utf8;

/*Data for the table `tbl_jns_transaksi` */

insert  into `tbl_jns_transaksi`(`JnstransaksiId`,`NamaJnsTransaksi`,`BisaCicil`,`PeriodeBayarId`,`JumlahPembayaran`) values (1,'Infak Bangunan',1,6,500000),(2,'SPP',0,1,60000),(3,'SPP komputer',0,1,500000),(4,'SPP Pesantren',1,1,300000),(5,'Uang LKS',1,2,150000);

/*Table structure for table `tbl_jurusan` */

DROP TABLE IF EXISTS `tbl_jurusan`;

CREATE TABLE `tbl_jurusan` (
  `Id` int(5) unsigned NOT NULL AUTO_INCREMENT,
  `Jurusan` varchar(15) NOT NULL,
  PRIMARY KEY (`Id`),
  UNIQUE KEY `NewIndex1` (`Jurusan`)
) ENGINE=InnoDB AUTO_INCREMENT=4 DEFAULT CHARSET=utf8;

/*Data for the table `tbl_jurusan` */

insert  into `tbl_jurusan`(`Id`,`Jurusan`) values (2,'IPA'),(3,'IPS'),(1,'Umum');

/*Table structure for table `tbl_kelas` */

DROP TABLE IF EXISTS `tbl_kelas`;

CREATE TABLE `tbl_kelas` (
  `Id` int(5) unsigned NOT NULL AUTO_INCREMENT,
  `Kelas` varchar(15) NOT NULL,
  PRIMARY KEY (`Id`),
  UNIQUE KEY `NewIndex1` (`Kelas`)
) ENGINE=InnoDB AUTO_INCREMENT=13 DEFAULT CHARSET=utf8;

/*Data for the table `tbl_kelas` */

insert  into `tbl_kelas`(`Id`,`Kelas`) values (7,'10a'),(8,'10b'),(9,'11a'),(10,'11b'),(11,'12'),(12,'7.1'),(1,'7a'),(2,'7b'),(3,'8a'),(4,'8b'),(5,'9a'),(6,'9b');

/*Table structure for table `tbl_periode_bayar` */

DROP TABLE IF EXISTS `tbl_periode_bayar`;

CREATE TABLE `tbl_periode_bayar` (
  `Id` int(20) unsigned NOT NULL AUTO_INCREMENT,
  `PeriodeBayar` varchar(20) DEFAULT NULL,
  PRIMARY KEY (`Id`),
  UNIQUE KEY `NewIndex1` (`PeriodeBayar`)
) ENGINE=InnoDB AUTO_INCREMENT=7 DEFAULT CHARSET=utf8;

/*Data for the table `tbl_periode_bayar` */

insert  into `tbl_periode_bayar`(`Id`,`PeriodeBayar`) values (1,'Bulan'),(2,'Semester'),(6,'Tahunan');

/*Table structure for table `tbl_satuan` */

DROP TABLE IF EXISTS `tbl_satuan`;

CREATE TABLE `tbl_satuan` (
  `Id` int(10) unsigned NOT NULL AUTO_INCREMENT,
  `Satuan` varchar(200) NOT NULL,
  PRIMARY KEY (`Id`),
  UNIQUE KEY `NewIndex1` (`Satuan`)
) ENGINE=InnoDB AUTO_INCREMENT=6 DEFAULT CHARSET=utf8;

/*Data for the table `tbl_satuan` */

insert  into `tbl_satuan`(`Id`,`Satuan`) values (1,'Lembar'),(3,'Lusin'),(5,'pcs'),(2,'perBuah');

/*Table structure for table `tbl_sekolah` */

DROP TABLE IF EXISTS `tbl_sekolah`;

CREATE TABLE `tbl_sekolah` (
  `Id` int(5) unsigned NOT NULL AUTO_INCREMENT,
  `Sekolah` varchar(10) NOT NULL,
  PRIMARY KEY (`Id`),
  UNIQUE KEY `NewIndex1` (`Sekolah`)
) ENGINE=InnoDB AUTO_INCREMENT=4 DEFAULT CHARSET=utf8;

/*Data for the table `tbl_sekolah` */

insert  into `tbl_sekolah`(`Id`,`Sekolah`) values (1,'MA'),(2,'SMP'),(3,'Umum');

/*Table structure for table `tbl_siswa` */

DROP TABLE IF EXISTS `tbl_siswa`;

CREATE TABLE `tbl_siswa` (
  `No_Induk` varchar(15) NOT NULL,
  `NIS` varchar(15) DEFAULT NULL,
  `NamaSiswa` varchar(50) NOT NULL,
  `RBL` int(5) unsigned DEFAULT NULL,
  `JK` varchar(2) NOT NULL,
  `TempatLahir` varchar(20) NOT NULL,
  `TanggalLahir` date NOT NULL,
  `Ayah` varchar(50) DEFAULT NULL,
  `Ibu` varchar(50) DEFAULT NULL,
  `Pekerjaan_ortu` varchar(30) DEFAULT NULL,
  `Ekonomi` varchar(20) DEFAULT NULL,
  `Alamat` varchar(250) DEFAULT NULL,
  `No_STTB` varchar(200) DEFAULT NULL,
  `Asal_Sekolah` varchar(200) DEFAULT NULL,
  PRIMARY KEY (`No_Induk`)
) ENGINE=InnoDB DEFAULT CHARSET=utf8;

/*Data for the table `tbl_siswa` */

insert  into `tbl_siswa`(`No_Induk`,`NIS`,`NamaSiswa`,`RBL`,`JK`,`TempatLahir`,`TanggalLahir`,`Ayah`,`Ibu`,`Pekerjaan_ortu`,`Ekonomi`,`Alamat`,`No_STTB`,`Asal_Sekolah`) values ('100012','111270023','2545d064e878e85f802e940fafa8894640958426',1,'P','1e22520f3c4f2cacdb58','1994-09-19','66be42ba9b7b2f88d55eee59ebad79b3f8a8f57f','23401f71913d4ebafae5d0026aa63fb8dbabb371','wiraswasta','1','478d56fd71d0af7071d5740128d4db14e19f9077','9db15cbc9585cba420f949324d6ebfdb0b8ab70a','9224a6e212895f269a452115ac2db757ccdf22e1'),('1000121','111270022','699fe53d172497f0f7f1c313a6d96643fbeb299d',1,'L','1e22520f3c4f2cacdb58','1995-08-29','1e42e1dd878900ea418393d48300cefd5f06814d','3dd7f067d5dd495e0de1c2e0b7f90559030d8c85','PNS','1','76f73b05c5d8d7f89fb2acee06501dd11b5e09ac','746c1e9b4d68c9fef86bc5e5c9dd7a56dc0ebff2','d983c1bcc588fa93f48a1fcf1b34a4bd480131c3'),('10117001',NULL,'dfe34d0086f47c7dd1b54896e79ef4a499ff9091',2,'L','7dac66009f1ea654e8d1','1998-03-13','823cf4abfd403f3ab675ebca2ee7918c72e45636','24d414a34aa10d03519a51246a8183759bde421e',NULL,'1','e376ff47c6e4b287774646f22defbbfe37e265a8','6bd47bd479e31defb0795117d53a4f79b32a8983','0ab8f5c06e996b343e15b3ad6615b30884262157'),('10117004',NULL,'a05a458b44a06a3e38237e9b6d2c8da64c589df5',1,'L','46475b36a4be45c4a9ae','1998-11-01','d61fade126361127ffbb6cfe74c3d9cc9d13d949','3ad8b162b8d8e72e06c02279c1a27254fa21f2bb',NULL,'2','0cc87baa98d8c7f6e48593c3a35ac6d3fa03d031','ea715b2190d7be30398b26670bb55ffaf4d074d6','05c6aa935b01c6b2ec33fb13ee38b3c51921ddc7'),('10117005',NULL,'74f7ed535cdafb6e28bcc69cd572de0c3072d207',2,'L','a153cefcd5f79302585f','1998-07-07','0ed2304ed987cc90a6c492ec7c0f1e9998c3b0d5','0e638b9a141d30198971060afa436b36dd1dbd52',NULL,'2','545108956e428a08f3397923ed247f2389a501e0','9875787d27737f1d0a371232f7f47b106f5539de','09066acd29df240ed9d5c20691a97716329c89b2'),('10117006',NULL,'419a85bf5fedbe3d385241ef4328d9f7d541f87a',1,'P','46475b36a4be45c4a9ae','1999-02-19','85b3d9858593942e6962aed490408350756380f3','25e3c194b14b36cf1f52db2e888b44cb1b2c3a34',NULL,'1','db4db460a187e291782f5e3354a6d8382a6a5fe2','81dfac27342dd800a04c4f44498e43c8d6f4db49','96cf62e6bc00200a249a4bb28a52bc6ce0043cec'),('10117007',NULL,'6efd7015e21e179828639c6fc0a10edb360e3f3d',1,'L','46475b36a4be45c4a9ae','1997-01-15','aa22375e18abb8da91b7eb8cbe0edfbff6107f2c','aa96a844474eb9ba69191dcb7bbd6100dafd482f',NULL,'1','5f0c13f9a097a323d6c57f73e33eb1f7f5007db1','c8985ec6355a765e346ee9d4bc9962d2455d4939','df00ff1220f1f5839690ed8f14b494475d988f55'),('10117009',NULL,'9ee96c25faa7bf50aebdc7be02d8bcc6984e1f43',1,'P','46475b36a4be45c4a9ae','1998-08-30','1195a66245a88ef8ac95a8e88714df5db99c8e36','1e3c82e7427efd0d539f236536fe2b35d5687207',NULL,'1','638c08690ce13240d2849d483962b0fad15e706b','94d7b20942e87533852e1898dcfaf69b99640913','05c6aa935b01c6b2ec33fb13ee38b3c51921ddc7'),('10117010',NULL,'397c277402b25a25c374ccd4c526cd041370e80d',1,'P','46475b36a4be45c4a9ae','1997-12-03','802751505e2c236f356a11520fb76308306ea13d','2045961dc7193edcb484655c88f841473a84b52b',NULL,'2','f6246cb1de6681fe5aabfb7a1417dc3116863f88','84c6a8157dbb9ae3b8ad31734a9c8a34ad357403','05c6aa935b01c6b2ec33fb13ee38b3c51921ddc7'),('10117011',NULL,'c1b722dc90088ea56dc25531560ccae98c453469',1,'P','46475b36a4be45c4a9ae','1999-08-22','addb130785b5d2e776a3e74378898cf2050d2b5f','4f3b2c83158761cde48b7196ddb5a7437a093dc7',NULL,'3','b52173157a35045f13e2a31f9ea27c0dbc96388d','4f85ff7c350db789cf776ef77282ca9aa94a099f','df00ff1220f1f5839690ed8f14b494475d988f55'),('10117012',NULL,'aecefdc2fa77c18db1f9cc33b9eabb88d6330a27',3,'L','46475b36a4be45c4a9ae','1999-08-01','f101067e73980137137f9fb01f2f64bf62611cc3','47f148498a7d08d44c59db39d82893ab6c780196',NULL,'1','c3736f38b5f440cba8c6d817bf1ab156663a7e13','e67eb3ba4352583f5d075fc294479b404a6fa5fd','68bdd2674f07671f41c5a7cd32a251823fe9eb24'),('10117013',NULL,'b30343c40d9f3681c3e9df0f7ef15136dc49f2f1',3,'L','46475b36a4be45c4a9ae','1997-10-13','68a61f83b50c954d48b212b27021214d1608ab3d','b9617acc58ff386b9cac5a5ab9f3923e7e890a06',NULL,'2','6626766fda853625974520b4703b3604337ede91','798af10aa4617703357970e53f0f929abf4b8590','10e5528ecc5efefdbc950ccb3d217a29896cd37e'),('10117014',NULL,'9d9a049b5a58dc0825b48cbfc1d29af3d2800b47',2,'L','46475b36a4be45c4a9ae','1998-07-13','cba11067ea65349ac45abc737db285645237176d','11516a5d836c93e1df8a37ceeb960dc16d7c2924',NULL,'3','9b64b0615c751953f048f2008e84c6cc7057f604','082d8a0d7664d5322b7cd81caf47546a65159750','800b243242ad2c889127034d0e5462c857bf5983'),('10117015',NULL,'ff33bbf52cb7e70e02f20fc1360dd597cd04db31',1,'P','46475b36a4be45c4a9ae','1998-05-20','f20df636de4a4575e80546b95bcd850527f3ebcd','d74a5d83ab7e1c6d15e90e173a80159c85b3a742',NULL,'3','4dcea59b8e01e7fd97e4a66f7e774f8a58b15a0d','a7d008a625b78d36dbcb4572988ab356fe282e0b','32db037679c737a333f6757feff4415db3cfc8ef'),('10117016',NULL,'3ef27e329b4bbd39e7ba70265806a06cc1733fed',1,'P','52817b0f2dd344564c46','1998-04-12','400f5314f916686b3e6af95f8817adbc964c3e9b','47f148498a7d08d44c59db39d82893ab6c780196',NULL,'2','1dbf46003a42943c5dd29f6cff35b3146ae6a4fd','9e36578c3f646931a359cd69c5397a52bae7b412','05c6aa935b01c6b2ec33fb13ee38b3c51921ddc7'),('10117017',NULL,'6005da41c2968e91a6d3964de5e5fddf65d9e8c1',1,'L','46475b36a4be45c4a9ae','1998-04-25','ee1849e85f592d90d66a1f3b195243fb21b7008f','9f31bd50c3ed053bf3e07877c7a159e982b7fa62',NULL,'3','0cc87baa98d8c7f6e48593c3a35ac6d3fa03d031','80b4fcb90fa62e98b0846e191278be71b8fafa84','05c6aa935b01c6b2ec33fb13ee38b3c51921ddc7'),('10117019',NULL,'cf6b4732c30608730f0e9cf838c4f6b10c826449',3,'L','46475b36a4be45c4a9ae','1998-01-22','936b3f2fa3c42df81c2aa04754ee9eadd4524cd8','082a43e5e97acc443fa7bc1433b84f6042d57a91',NULL,'2','e24287145b56947d73c3541ab90392f2a69664bf','c232d58a611024220e44d122230eabee5b1856b2','0ea555053d6716201f6547b8b1312fe7ad23a7ef'),('10117020',NULL,'6332a5269e63b2f20a09ab4c3689da57019f87f2',3,'P','46475b36a4be45c4a9ae','1998-01-10','3c98f7095c0db0c9a404a6298983b152690a60d7','f785b6a8b2cb25374147cbcafd3ecf0bc340a219',NULL,'1','f8cdbef9d7f92e95720eb3a5e3ff43d27e85f881','6fe732f4ee753fca1375312ba0a7e2a13914b45a','3a5300b6adcdb9a36a595382a6e884254a303c92'),('10117021',NULL,'2a79c292790626197a8971fc51f2308e27eb1dee',2,'P','46475b36a4be45c4a9ae','1998-09-02','3b2dc9e42ae03711f58f38c71873b6eb062d96b5','6d90223f7c3ce8b56f3d481a39285d3a0f8c3de9',NULL,'2','558ff4f3bb2fadd4b06bf674ecd36543c1aca313','cc3911cf750c254dd69b2d7e461df12ccd543912','05c6aa935b01c6b2ec33fb13ee38b3c51921ddc7'),('10117022',NULL,'c6ffcd39260c57685d661766a1bd95932d93e94b',2,'L','46475b36a4be45c4a9ae','1997-10-19','e9ce520fdb6cd6f092a86fcbcba30487c6fd39f7','e69842064938babd8e2c4648aa80b38df51968ff',NULL,'1','e6c1108842621e7a3fd22e315aff0bf3aafaef31','0d7196159829b1ede12afebf6df50c4df592cb76','0ea555053d6716201f6547b8b1312fe7ad23a7ef'),('10117024',NULL,'2882a704531727f0a72626bf723307d8ddef1abd',2,'P','46475b36a4be45c4a9ae','1997-09-22','8a01814873655129240b0d4f2a964eaece31f688','c33c45e2d96f402eda3df0fc5c6017005580fe61',NULL,'3','7daab365d74beb5c13299a5de8cbeaa1dcefa3fb','57ce9b3eca8cfdc3712691ac14f9e770d944504a','05c6aa935b01c6b2ec33fb13ee38b3c51921ddc7'),('10117025',NULL,'11b39474bc7f5bb1bf95644c3a06307e8f566eb3',1,'L','46475b36a4be45c4a9ae','1996-11-10','7bf31b43ff0fbb1447488d76c1b8b4a55517cd60','0fe8972dea399336a9a44261420f1b36c9f366c4',NULL,'2','32d9ed31e18de46278e61219f3ba4f8d1482b7b3','41d491d1f6d64546c56d69a749c854dce6da3601','0ea555053d6716201f6547b8b1312fe7ad23a7ef'),('10117026',NULL,'6ef35a1b758568e40a0c612e28a566b8e51fd54f',3,'L','46475b36a4be45c4a9ae','1997-05-31','fc390c4c2c677a78d139eae91daf088d782daf40','33719293f3b5cb7d07fe2eb31695800ca1a3f681',NULL,'2','831cfac104691e35f8d47ebafc0984007a44e8e5','e85d2222d1b6398f244b43c703c9bea661b48906','0ea555053d6716201f6547b8b1312fe7ad23a7ef'),('10117027',NULL,'797ee175c1178c9951c80ed1eb326d2ea852a09e',1,'P','52817b0f2dd344564c46','1998-04-05','e7a824e986d62a821dc1b6e6856fc98a97329568','ea7d47e2821a598a1677eef33dba5284e121bf46',NULL,'2','2370f1221b15ca744ebbb3400f8c529af3991be1','c40f205e4f0959a1ae4193f2370d87b7ef9a8c70','05c6aa935b01c6b2ec33fb13ee38b3c51921ddc7'),('10117029',NULL,'94788c7fea958a2471bdacf88654f3673e195597',2,'L','46475b36a4be45c4a9ae','1998-01-23','e4c415a7c084091e4697e96e94b68dcedec5bce0','87b4df9d2ce6ab06add536592b0f2b5eb71537c5',NULL,'2','830d4188e6556b8035648bb32bb2c3f79aa895c6','110eaa750ceb31cb3b2ee18aefd81dcba647d9cb','68bdd2674f07671f41c5a7cd32a251823fe9eb24'),('10117030',NULL,'c3ab81ce4f71a31dc297251caf9cc52e190c8d3a',3,'L','46475b36a4be45c4a9ae','1998-03-29','52e2f080c9fd4078fac72e86f4382ddfa38799f0','52c9c7685048b617ad4f314b5d77295f78ef6aee',NULL,'3','9dd8154ad00e8607ddfcaff7ecdd94c9d93209d2','e720067a46a600ae62b335f97bbf0fa12e77afa6','a258578b3fe693435a839e8b48d2ee72573e22a0'),('10117033',NULL,'4856cb721734b83e7e2151293a8b4c9a91d70c3e',2,'L','46475b36a4be45c4a9ae','1998-01-07','4a43d20b68aa849e64b1292fb86decabb68821ee','e2aef40f90eaf0e82cdd2c14deb0460b077d7358',NULL,'2','c4556a5fa12a53734aef984f293ba37fff9af59c','33746f6a18f054bf7efeaa3ea0fb1f7a306c61dc','f45744beab102a566f19c0666681a45dfaf71d47'),('10117034',NULL,'0bf4d8f1f1103c35cae7914276caf161b179567c',3,'P','46475b36a4be45c4a9ae','1997-01-25','871d43dd5cb7452a633107be7074f75393663fe4','37323be8426769e4f5d12ef969177ed209094852',NULL,'2','ef5f40723e9238719bb088c12595774eee68c420','53c9f813786304b7f8abf5c632f6c7490bc2cad6','4fdb7b40ea0df70ca6b8f941de76573102086688'),('10117035',NULL,'3ad8b162b8d8e72e06c02279c1a27254fa21f2bb',2,'P','46475b36a4be45c4a9ae','1997-01-14','45bf46c44f5e51a58171043a8e19250074606821','1856a87eb1f827b77f867fc6c2277c18b707e88f',NULL,'3','888e42fe97888f7000c14a1ab8312141afc927fe','13c3e7edbd1529b929ca382c5a550d23150fe459','32db037679c737a333f6757feff4415db3cfc8ef'),('10117036',NULL,'1a4718016fa6a2191cff51c39a6b50602719fd22',1,'P','46475b36a4be45c4a9ae','1997-12-04','5067d8a71ed05a81190069b57d0f564cbff75508','b834bda19f3b741ac677146e8cc4488e83574821',NULL,'1','6e4b7e0d31538ea3ff05b1f122dbbdf5ee4d6637','443c81011ad9c71a7aeedc42fd4b7fd9a6536ea0','88e8205e09b382d6285cd9c3c7b846b16947ae60'),('10117037',NULL,'55cf23aa0056b5feda4075f924e66b7d9a33e474',3,'P','46475b36a4be45c4a9ae','1998-04-03','f850c552dae013552b971d54ce7a0d4bfda92fae','72f2fabcd166b6edcbd71a536ab5ab23ce4c2d7a',NULL,'2','f3c6207113a6ca4d651ec9df888c305a292e016d','20d9695b554c9d5db4d011361137eb26d825de74','01ee1adb60064fb2753881b8de2cdb194269848a'),('10117038',NULL,'503dc8128f674f3b2d7362a5c89f305fd67c4527',1,'P','46475b36a4be45c4a9ae','1998-11-07','df9ce16ca8d8d800097cbd20dda7c563b4dee552','79c0ea45acf59791e555757df107f5fbffddc4c6',NULL,'2','505ecf0c156573cffb86869ca8e59acc9e439062','df05b0d59347d1d59a43a60e5f9757af697a0455','9c1fb114f21960b5b8caa580c276d33078d9be8c'),('10117040',NULL,'73aaebc11ffdaec1ef68684952d11fd417ca6e95',1,'L','46475b36a4be45c4a9ae','1998-02-17','d4360b7fc8b0ab3ccb3b3bd07778973524e0f811','26811e3a93dac23f6154487e55fa685714473687',NULL,'1','e5d1fbd7b6471a94ff0abf6b63cad6bd854cb37a','60cd62aed64e616d2a641f1303c596d930ac199e','05c6aa935b01c6b2ec33fb13ee38b3c51921ddc7'),('10117041',NULL,'5d1c0581dff603bd69d736117ec10a80a4cd2b82',1,'P','52817b0f2dd344564c46','1998-03-12','38e4f07d9d514b32cac46c3877475db1ad0bbfda','fcf1adc63b186a057cdf6a430f1572ea84b0c92f',NULL,'1','fdaede413746c3401e90ebc242388ea240be377c','63a6334c334f1e5703a717bddc0c5e6a9ff309c3','b7e27d3e9e13cd82c21116ebe72a608e656456a0'),('10117042',NULL,'4e1a28fe36a56bf130e1ee2aa093b200d97a3430',1,'P','46475b36a4be45c4a9ae','1998-01-17','195ace867253be6ce1989c4813e42e64c68aeb1a','b81c47b6a88f98273682e89ead3ff2167bedd588',NULL,'2','ee489edde835dd3314a015809d49db6b6cd7c655','33948c4573fcc1dc1b6b65d5485aa98168b1398d','05c6aa935b01c6b2ec33fb13ee38b3c51921ddc7'),('10117043',NULL,'2a1e89626a3ce8e89dbad6c9646513a7c79a88ce',2,'P','46475b36a4be45c4a9ae','1998-02-02','e67e3241bd5d1d31938024178720aa59af338c77','3ba0c34585bbe4b546f14a130f964a7f16e4c40a',NULL,'1','8ca543937c7187ffe7368fac7e4faf5ca083abf1','d0b82b305a15856693b3018977d6e66282e65785','9d8095855e83d40a4c359efc40088f54be194424'),('10117045',NULL,'8a27d5537883b8025da24aa4daaef91164730295',1,'P','46475b36a4be45c4a9ae','1997-07-17','302757f71f9a19eb4280a6aae32b95c3a63cd1e0','b10b114be286a9bb905b33d291e185339761f860',NULL,'2','2f40912e1e88107ed4f1f655602cb39e6fdc1598','70e0b2d4d4879783626ca71728e530fe86039402','69c0f8bc74a98d3194b0d88981900bd1a1053703'),('10117046',NULL,'50eb2fee5876d7e4cd2bb91a158b479045315dd8',3,'P','32e60664a2e483bf22e0','1999-03-23','c68fc1738e77ead2370742a164e6ea89d9053fea','bd1b15b345300e6f9e008f3dcef9a6ae22d7129d',NULL,'2','5b19bd1dca63ff11d1ed0ddcf4cd5095ddf251ef','cf957b8ad28f80b151c4fe8733057ab55f778c7a','05c6aa935b01c6b2ec33fb13ee38b3c51921ddc7'),('10117047',NULL,'131618b2593290d3fcda51289efbd4381edd85be',2,'P','46475b36a4be45c4a9ae','1998-04-24','4f756c50243a190af1f44119571279d329ef9862','4850860a49db347dc234af206e3536ce9d6f93b2',NULL,'1','8a4fdfeb6a719561bbb5da6c0a88e0f08772593a','f8cedcf50ff47f7529c7e9bb5832820fef2746c7','05c6aa935b01c6b2ec33fb13ee38b3c51921ddc7'),('10117048',NULL,'957f26b90310830eefda67c9857e62e9d0a09bf3',3,'P','46475b36a4be45c4a9ae','1998-03-08','047c119547fd711bac8ded03581cd954d46405ab','fec0ab72dbe49bba5b206ad4fd3533ba97318c7a',NULL,'2','0c93970fe7e0f467e84a074e10a35a084e71bc6d','84e5ae6bc41cae5a2a7d9ed6899ee2ededaefa39','32db037679c737a333f6757feff4415db3cfc8ef'),('10117049',NULL,'3123fac04b86457deb7ac83471eaff062523d4ad',1,'L','46475b36a4be45c4a9ae','1998-08-11','060d69a63e86baa624d8950b44a60308a61b2bee','9c5ad4adee9eaa06d4959ac85e0ff8ee963a0e86',NULL,'3','95a5ebadc7addc7f200d528ba535d9a26b62e05a','205bde93dcc725149027ccddcb878fd219e863dc','2c0d31e704e3db72666dc6970998d14a10293313'),('10117051',NULL,'3efda206111fddab1db2105acb87b02728d5dfb5',2,'L','46475b36a4be45c4a9ae','1997-11-08','813ee467f221a868c4e65c91db60e0dfc6698203','feabd42e862ee0b2fc5e8e1497affbca3685d5f1',NULL,'2','c97e3b9aa12d85d7a58b23e1338d65e31b43da6c','96968681d902689f847de495f4d025bee7ae3139','05c6aa935b01c6b2ec33fb13ee38b3c51921ddc7'),('10117053',NULL,'aec9ae219be81c134fda57dd45de9118556e3d20',1,'L','46475b36a4be45c4a9ae','1998-04-29','271a5b481cffec6039faccc3e7a869b9b0d057f3','d9486362fe4d154cb8a451ff8a76b97bf0754d63',NULL,'1','26a9cbb82c4cf82ee4bf590e9ba97af4f01d56cc','6fd56e81d63404bc9f35b31be279e9e72e7f039b','ece42d9e0177b5053df9c678a7c4de81ef57b88f'),('10117054',NULL,'8fae30b388f4f4fe30ad0674b51e6a645c22ba65',2,'L','46475b36a4be45c4a9ae','1998-04-27','1287a56efc7f0a38deaf929b4a4b567a1de0acca','0c237778971e22cb59e67ec24cb725df85ae4d28',NULL,'2','8fc6f72b449ca33d322cf9f7f3f9bf944065e160','4a5307a8433a86a05351d79a3fdaf4f9837157cb','05c6aa935b01c6b2ec33fb13ee38b3c51921ddc7'),('10117055',NULL,'ec3d17f36b542f9ed1f8b248414b88b6fc9a2c60',3,'L','46475b36a4be45c4a9ae','1998-08-13','8309d67a494a1da4619832d44254f13bb52c3d5b','885be360edcce8129abaf5cf035bb240ffc74e5b',NULL,'3','8fc6f72b449ca33d322cf9f7f3f9bf944065e160','e6fc125f4ee436abd2eefd55942e672b13d7101f','aa327e88ccb7feb065997bf3c969d9e4e094fe3f'),('10117056',NULL,'40f0862eaf7430838960bd95552d32c856c95a40',1,'L','46475b36a4be45c4a9ae','1998-08-25','b9d26334bcd30de0a8ecd9a797189f67eb03a548','8e232548e2fb61a4dd7fcf9a446343b62d0913cf',NULL,'2','244227574315d3a6aaa8cfccab7bfb74b9ac4ea6','be111a0c5755b8247f8097b7aaa1b982b900a083','05c6aa935b01c6b2ec33fb13ee38b3c51921ddc7'),('10117057',NULL,'2778595b5cf94f54b1fc42c8a74b18b6e1acf799',2,'P','46475b36a4be45c4a9ae','1998-02-28','8767a75c46526678a4f80a102dee15414e3951bd','88bcc8a7f901497986d98a41ae1052d75f0cf738',NULL,'3','676fd1e3fa1b141933899d4b8ae450938cf12f49','2d11d6b1a4058e0bb3941f6d52a244e3c32550e6','84f8b9723dec9334a119c5783190e139d7f0bec5'),('10117058',NULL,'593ebe4188251ec25461b163d1fd9bf77d3fa651',2,'P','46475b36a4be45c4a9ae','1998-10-18','d16b98a24cfb6f709ad53a7ff156bae13fa1809f','8cec0ef5c32044936afa3ee354baedf542c0fbc8',NULL,'2','9e8efee16451362d86a6bcdf0acba6acbcee1e80','f31f30de1b632acc98864a6c45175fa3c3f2c325','e1cd19aae8b7382754ec5d1b6475d1037d272503'),('10117059',NULL,'0c7eb9941e20f10dba57c24d016b5cb3c0a486bc',2,'P','e81a45bab03d0ef48d7e','1997-11-13','dd4b49d65ab1b2accfd8792e89703672980f53a2','2960affaf932e32c74259fe14ade1b3936f61253',NULL,'2','24efbb6d2e6961b0e1471b625948165bae189d3c','0f739093ff40962ffb1d463d256be2157e873266','00e86371080b9ff1f24256cab405bf09c5628dc0'),('10117060',NULL,'dce20352b214b0c9d625b359fda0723cc90ba481',2,'L','46475b36a4be45c4a9ae','1997-11-08','9d66e3481f6471a06e804e3171a10d7b0f2bbb78','93d9159c5a8c46d3a8fd4e7bf3e9fe7348a7be3b',NULL,'1','c8e7433f2906e84fa928c8bd40f141b387cdb22b','ea3c3ceac320e7152a2fc5f1b16a2677f6549d8f','1a512f55d34cae5bd12bdbcd386e67e1d2e80ab1'),('10117061',NULL,'4af673dcffb8213b806f4168dcf20d775ce58b74',1,'P','46475b36a4be45c4a9ae','1998-01-18','dca84e19ddabbf3f00859e77a4db46d8a3e5055c','04bd092bce5f09b22071d0cf0a0957c2a4b05196',NULL,'1','17ccd9747c438a7e0ccb1d318bd23b8458c84cfe','6b49c1d4f188eac6b1dcec609559a8adee790d7f','05c6aa935b01c6b2ec33fb13ee38b3c51921ddc7'),('10117062',NULL,'170b54571164c7f22dd1c31fb67d10f609c71df1',3,'P','46475b36a4be45c4a9ae','1999-04-27','c86fb62eade731ba5220c5430aa34183781cc5b8','2b3d8298c889377c0b8f2c0a95e175f2e8bf899d',NULL,'1','c748cb219ac40c216033ceb218d6c00808d0b12d','f9ab3c571cdffea6ab70c908d346216c603dc902','05c6aa935b01c6b2ec33fb13ee38b3c51921ddc7'),('10117063',NULL,'0702b7caa673885b8e3d9abf30ce3a1b24251976',3,'P','701d2e7ef1d8e271ad30','1998-04-24','ef78263b697dc9cafd7c855215392c2d142b2740','814401f673b3a13b7cb4d582b1b4161b6193671b',NULL,'2','0645b8fc871f382aaaf54e34ca7285cee40d2e6c','b344738ce8bc76e4780903ea7ce025caa8a94e91','1d676b4e81760a462be0292153e421f0a3c4082a'),('10117064',NULL,'82995f14564067325140e6bcc909595052337f2e',1,'P','46475b36a4be45c4a9ae','1998-08-10','3d9e9fe20f607b926995c0519dddee7823e44405','e167da5eca1705ccebe0cb010870156fec4eb8af',NULL,'1','c2985c81aa3ca1f03f14e3776949bed38c2ad878','b225b3dbf96e00193a6388e7f08b3d32dd5bafd9','ceb049de6726479685c0e7f44ea23ecedb4cf043'),('10117065',NULL,'bf58e6a7900f7145d40c932e49bb5b74e0b864cd',2,'P','46475b36a4be45c4a9ae','1998-11-29','eb4954ef2bff587864aa99f456b0a6f4e669cbbe','060ddd1686d41a822081ce8e684abfdbb06a8aa7',NULL,'3','f4f12923eb7bda51dcc8c0aedd8f65dd6ecfea87','e055a8680e401a30f633d326cd3d991aa93648fd','df00ff1220f1f5839690ed8f14b494475d988f55'),('10117066',NULL,'157312dcade1275e24acc7b0459d8d1e5de67c47',3,'P','46475b36a4be45c4a9ae','1998-05-17','7b8c3260ca58524181e75f9941293782e7ca7860','f27b5531bb9713697474df0830a4b9b08ea0c00a',NULL,'2','ba20d6daf2815d67abaa17957a3ce67f9e61cc75','f392b8928682e0144dea9ddbcbc9aef3a929881a','47a23a51bee2413cac38a08c540a6306239468bd'),('10117067',NULL,'a8ac52474c7fd2ed1a2b293a92d21c23eb4e7201',1,'P','46475b36a4be45c4a9ae','1998-11-11','3656af749bcb7ee46ac9a6a9cfb62c756f54f90d','79b72501788811e737e758be83b906f5bdbf5bcd',NULL,'2','5c6f9af36a0649a0f430577a972030c80ccc7043','4ad3f982ca140a79c7371ed1f3d37500aa98f0a4','05c6aa935b01c6b2ec33fb13ee38b3c51921ddc7'),('10117070',NULL,'171ed3297a7754cc1d45e5612a68bf994edb5fd8',3,'L','46475b36a4be45c4a9ae','1997-10-12','ebf05054bda0284061147413baf4dcc280ed935e','467d353bee484f8e4f02e2edda221d29b124bafd',NULL,'1','6bfed97f6374ca1382202c3cd128249e442762f1','114f9635c1f675921cb16c59cd9faf8d2f627f40','c51e0335fb0c39d74d21947643b614ebb3ebfe4d'),('10117071',NULL,'f16d5b379157ed34d11329ccec2fe51e28745766',3,'L','46475b36a4be45c4a9ae','1998-07-28','ab5a101da24463260d5f15822008fd0864fa8e78','5fb14065262ef30a37b672bb28020f6e9c475174',NULL,'1','01022239ce7cb04eb2332fd59ae43a36e11a8f67','72681ccc4e1b8fe719fb930a209d8ab34926d6e0','05c6aa935b01c6b2ec33fb13ee38b3c51921ddc7'),('10117072',NULL,'bb9e9314df73e64aeda2ece7d9d3e5e33c490850',2,'P','52817b0f2dd344564c46','1998-08-11','8902cef31e754c2083fcb5a3ed50b23ed0a3c745','c5cd963254dcdd6e84dd3c76e009e1cfc09df193',NULL,'2','56dc5495b3362d11963502af418b918d0a23b411','212d4812cf7939d7b24b31bd58e5bb8ef6404210','5f97135910bfff488947a54cfd7bcd5aff2165d0'),('10117073',NULL,'0f46358f4e2d7cf12c6d08ab6d619b8fd0e9deb4',2,'P','46475b36a4be45c4a9ae','1998-02-06','fcdda9ff9400a5d153afa446bfc1758bf44890e0','796b3d6f2ebe81337b9f576a5ce2cb839d367aef',NULL,'2','b6e1136c3d88e635526a7498e495cc6e10e23b61','2d7584f1e1b225f53a789167c8fa4b9d4ad87816','69adb901db35867638127f0a5f78059b9f12c082'),('10117074',NULL,'e00c5df6e4027f1efe036f9193544f4d462509b4',3,'P','46475b36a4be45c4a9ae','1997-09-30','f9d1c3073b5d45437949e24faa36795346c28124','7dd99b8d2c7b52a39459e3d43ad7496ced0b96e4',NULL,'3','822082fc98be0c53e67c43b49ef41d0c41d799e4','30edc7df60fd86255e87b904c23722212f4e12cc','45dcbcddea438662ba25acecb3ce5879a3203225'),('10117075',NULL,'bcd14ef2403d5fc27e32667ac6a672014b392e35',2,'P','46475b36a4be45c4a9ae','1997-12-05','6a605b9017279f26480b2c79591d5587b8418b03','8f60b693533e9cbb01ecacf8a68ff375173096d4',NULL,'2','b52173157a35045f13e2a31f9ea27c0dbc96388d','901e6e90eb75160c7a6238633561207343159547','df00ff1220f1f5839690ed8f14b494475d988f55'),('10117076',NULL,'6c9a0eb428d70e0f6fc155e02dca37ef0431a423',3,'P','46475b36a4be45c4a9ae','1998-07-02','c5160f72898b966b1459cc0c5a4e41592d07f351','bd2a03e18c69bc0be7b321dfa6a0dece78141ca2',NULL,'2','4295cc9f2d6331ac8ad6b4704bf2c4e689264507','ffdde17724a149d489ac72b7b2465ad3912ef78a','23b369db1c30d5000510146ea5f5b982e662a3c1'),('10117077',NULL,'e8964cea65acb5cda5e37c095cabacc2dd61c4fb',1,'P','46475b36a4be45c4a9ae','1997-10-28','948c7d7652dc0a6c2314135dc2dc086b3c805868','b7afa258b630e6e9075d2728b9fefa1fd4bc1f0a',NULL,'3','4498ce3b8aeb55c21cc7403650e4a30658616a19','b46b1bff8e260b010443a5d3b71d1a386f1c749c','0ea555053d6716201f6547b8b1312fe7ad23a7ef'),('10117079',NULL,'be7d0cade013187ae31792984aa678e754363a31',3,'L','46475b36a4be45c4a9ae','1997-11-07','cb444e5ed39013bd544b498bb956996f927b3ebb','51029990add68948622558d3f117dc9cf444b3ce',NULL,'1','77e24c19a50841df6014295c5d04261bcd9d6216','73c9181079df369075de9c84b5103c650b32b036','4fdb7b40ea0df70ca6b8f941de76573102086688'),('10117080',NULL,'27cf4c509bbf4853290751b71675199ff3ccc979',1,'P','46475b36a4be45c4a9ae','1999-03-13','2e38d496493c1f284519d248f1e50dc01f4a59b2','ee84ae54d031116140c3c39d3c17c502d1f8ddd5',NULL,'2','c3007c32c881cc1cdf8e17a4256890d452214736','6609cce922187ab700a314e3087a4403a3c53951','e55d7139b446932680c64e5f21b048c962b40af1'),('10117081',NULL,'9668b36bca62a354daf5970db608544c78e34f49',3,'L','46475b36a4be45c4a9ae','1998-08-21','7fd116daf7d407dc78a97ace66e79e255c439313','013e6b8b50a12df377dbcaeba1fad7cb9fc41b86',NULL,'3','f894e376fa19faecbeaf2b1ee1769298f4bf3bcc','295bcbc23e3fb81a06c0c6aeb24da5b9c35b41c1','593387f7574589f953f998b87c4b9ec59838dca8'),('10117083',NULL,'fde30a7f6a7eeb58b91321ce41fbc244aa26eb96',2,'L','46475b36a4be45c4a9ae','1998-01-11','b91e8496d760eb2d1f9f66fa2500457dd018a42f','4862dbba535fce8849cb9841299fef55e70a7b03',NULL,'3','bf18a0cbf3ce1092cc98b99d5af1da230e5a72aa','bc6681006e7d6b818b83a5e6f601c257db2c68b3','0ea555053d6716201f6547b8b1312fe7ad23a7ef'),('10117084',NULL,'7e720a7c2ab31373e42af4caa00ae4b6e9028a13',3,'P','46475b36a4be45c4a9ae','1999-03-08','839277218043741ec4883ea9c33a46f4b0573eb1','9e30624f9edc24479a8e5781994b0efd23b55754',NULL,'2','0a26ed37f81e822bbb73e4a1b011e487e8acf1b0','5dfeae562690d274716efe65805d53448ac732ee','593387f7574589f953f998b87c4b9ec59838dca8'),('10117085',NULL,'c4c0a90af3b23e81c584af18b36b20f0d6730eb3',2,'P','46475b36a4be45c4a9ae','1998-02-03','e9015fa3d5a83f53671dabd6943a3fce0227a80a','f321c22b33d451da58284516f26429fc7aefed79',NULL,'3','12543c87814adeca081672d45b886ec6e721d48e','a9778ab7d3e8975d33fd57ae73e3f0cb5a6bc316','b3552d29ef094cf9dcbac07ff24ec248ff3282f1'),('10117086',NULL,'b65a6f86413bb826b5875b35bb9fd755042f28fc',2,'P','46475b36a4be45c4a9ae','1998-05-27','3d007265860fc271e61d9b76e53c3b7baa3edde9','8ac08cbdaa526fee377b33e9a381ae50ad04969a',NULL,'2','f0baa81c84ebcdef5a6b94123d96708b4328b23c','3b9957b1e0155ffaead871823f803f0d90d5a6b3','aa327e88ccb7feb065997bf3c969d9e4e094fe3f'),('10117087',NULL,'37bfe334246be225e51c9acf4b83a9d34835ed94',2,'P','46475b36a4be45c4a9ae','1999-01-28','a4ee0d634b6f8788cc9d8f8e264ff22a2c4e814a','76591010141d09eb51f9b90420a1c180a0823965',NULL,'3','6b6d15807a26840cd5a3592bad73e6fb52bca2b0','41da5891db12ce4efb6422c30f987c3e2e09c729','9d8095855e83d40a4c359efc40088f54be194424'),('10117088',NULL,'0d2f1ee9d2f542da8db743fe7c68adc4a9337f6f',3,'P','46475b36a4be45c4a9ae','1997-05-21','d7588a26386aa58ff9ea8169a0a8a29ee4d63617','545554d5f3c08fa74d3d1443e596fbde85af5d84',NULL,'2','a5ea433bab9be74f5f504ae2e56d6de2158e48ad','85e529bdf0685bca74628b6cc1cea53a4feda3c6','769507d500145dbbce6678cad0c43c6d1b487dfb'),('10117089',NULL,'c402dc213bb8269fcda20f0bf52d4ccd1f427593',2,'P','46475b36a4be45c4a9ae','1997-12-31','f472899aff6d71b96212eac6606d9c5f1da226dc','2b3d8298c889377c0b8f2c0a95e175f2e8bf899d',NULL,'3','873c55a97251a374c517d6b90dc1cd066bb825ab','fa8af3b699dc203daf392d8db3aae7ccaf0dd494','2dea806c85514cdcaa86e86de5450c006b3408b3'),('10117090',NULL,'a0d53baeb7902a9a6b4d0aca8587e35e78fcb425',3,'L','46475b36a4be45c4a9ae','1998-07-10','b8fe96cd8bda5d63f49210b8fb6f2afa777c5ae8','b14bdffd64875d8ac91131b3ac91470244b04c39',NULL,'2','1941a2692422e19a6f6197fcb407c57fefcdc162','6f0cda3dcc3b283f56321fa3f6aa7a176a732b4b','05c6aa935b01c6b2ec33fb13ee38b3c51921ddc7'),('10117091',NULL,'b5c290580cdee1b124a4e747bfa5bef2165cb654',1,'P','46475b36a4be45c4a9ae','1998-03-20','ae0fb488549490cef33473dd35b778a9440774aa','6027e5f31ec641d0d547b0f0558100e004b730a8',NULL,'2','1d288ca5485957fdabf585f71279c17d4503ebfc','4fcb8f02dd0c761aea53b1c3672fdf57636f20a4','9d71cdaea4c5c872b212c8a4133e56f427f74ba3'),('10117092',NULL,'cf8780073d9273a109dfea79c6a85e1df85051fb',1,'L','46475b36a4be45c4a9ae','1998-01-12','44e9f34ae0a4c1c7fb7e4b30ebf94bf1b1452504','ad894cd6930f2ac02c76b0fc3d58b64bf8123506',NULL,'1','220c7b54088614f46575479b695f346eb261caa4','42a740a6d4f35e57dc5ee5b7ba81ca0a35f4b04c','05c6aa935b01c6b2ec33fb13ee38b3c51921ddc7'),('10117093',NULL,'6c2b4db99b67868ce4555c2350ffdaed3682d377',2,'L','46475b36a4be45c4a9ae','1996-07-01','874ef8a1e71b81e6838a3e68034965a46a7d8282','4d48d2e489d1c8bbe4fbbc3925f97b933b4ac6ce',NULL,'3','ff1e987acce77d42da1a706ebbb76cfc2682f266','0a1cfc4b35703739f9b7f4dd003c6d4b0c6bd4c4','df00ff1220f1f5839690ed8f14b494475d988f55'),('10117095',NULL,'c2d6284aca6b84d7f6cff1c3e809f8e7e764a2bd',1,'P','46475b36a4be45c4a9ae','1997-11-18','cd3a69e7c58a73532802f7e3378bdfcfb8ff9efe','ce08bf83ba91d2e63647b5371be5916fa78d167c',NULL,'2','71cc7dc2c78ac16e245a14ecd3d56fab498057bf','5a666f26050a0262854b53726436e376633a1c8e','05c6aa935b01c6b2ec33fb13ee38b3c51921ddc7'),('10117096',NULL,'0ce425c4fd6902906ca1668674ff9ca35a03dfac',2,'P','46475b36a4be45c4a9ae','1998-05-23','20a85f29ab2cb008c497561a8979fde6c8ad0ab9','7d2d4a592da1013c666e942473c64fba07375c5d',NULL,'2','f1779f95469f05815f34874c9881628200979efb','4e313d521713140d03d3dd85745c81769dd311a6','ca128e0732668427dc6b831058879c64d2103fcd'),('10117098',NULL,'8000e76878894c8c859781fc465078b8dabfe2cb',1,'P','46475b36a4be45c4a9ae','1998-01-12','52b72406527b0375e3ee33665b435e1364c4f60e','aa4912b88ebe3509a0aa50c7687dd706f242fc89',NULL,'1','55186260a9867620edf626692dacd637f8e423ad','3f04da6d4711d62c8a401be5480bf46de2276cca','68bdd2674f07671f41c5a7cd32a251823fe9eb24'),('10117099',NULL,'169724f71f7479700b2ea0a2b78ef72ea805745c',1,'P','7dac66009f1ea654e8d1','1998-11-01','b764f93830a523ff544d6799bff82a03d595caef','47b8e12eded3b7cca5ee474fe9ef144a7927e302',NULL,'2','0e54a38ff0c02d96167115661092b5e8081f13da','a26f9f4868359bb5961872ca1f532366a66364fc','2ea861d507ae0c7f851e133af525d4666909883a'),('10117100',NULL,'896ad2513e9be887605df3d1dae49d0773d426c9',1,'P','d79b13b98cb9569ef746','1998-11-16','e89347cd0681be4af5ed49a2add57b5e79f40662','219a012089b437252c60b7d01f58f6ea021d9d18',NULL,'2','4162943a9fd2bcf1782cc0ed52c6c6c2a482b98f','01142ae464a763fe8bb4821c3ba6a340b3373890','27e46d4b43476276dcda94f7547e0eb614109b13'),('10117101',NULL,'944f4a659ae36b260278ef8e1e75ebb932e5411e',3,'P','46475b36a4be45c4a9ae','1997-11-09','1ec560aaa7ee1cc2aa3b5fa3e7669caab795534d','35a0a2a30212ab0621796506a67952fa43682f1d',NULL,'3','e6965b63f6255a5c23c59d34e1b98ef0880ffc88','db7cfceb4ff3f0728e51aa864d03334e06399f37','ca128e0732668427dc6b831058879c64d2103fcd'),('10117102',NULL,'2ad649236aad27b5aa95e66cc8617efc8c964cfc',1,'P','46475b36a4be45c4a9ae','1998-02-17','9dc28c62fc3dee0f56f5527c3e7b9d5eade63522','ad0303e4db1dfaed6fa1a30b129561fd3f33b96d',NULL,'3','59d5f43d9732dc915c8271412fdd66ec9ec5b8f4','7a8f996a8d820c82f8f5155daf10547f2d44f0a7','96cf62e6bc00200a249a4bb28a52bc6ce0043cec'),('10117109',NULL,'a963bf09b2eab098bf8b8d27e15361786d2afe1b',3,'P','46475b36a4be45c4a9ae','1999-01-18','353e0baf95dccf02d99cbd34c84f3c53997ac9d2','40e8d805409980a9c529d37943b2e7334415fd18',NULL,'1','3dee96f746f1b347c43d845283fdb937a7a58efe','4541014d7dd7d8a792fb8f8815e2dd48bc626440','92d33edc89c178042af36638d361e19c62ed1e4c'),('10117111',NULL,'cb98b8744a39ebed06e9f786f84284caa8d92047',1,'L','46475b36a4be45c4a9ae','1998-03-19','9cc83207d8e545498222fd70dbd6b1f24bbba73b','6ef7301890163c4532e8be041fa66d21412ee831',NULL,'2','22807096576b16c494a5fd108cf68ea265db264c',NULL,'f3556e38d10b9e7d475af07792a4ea0e9786c133'),('10117117',NULL,'f32e22b88f7485447f6c5669c428ebbcec8de0eb',3,'P','46475b36a4be45c4a9ae','1998-03-04','3fcc33e85eb81661b56d9bc54136d3ae7e115a26','9f4156b8f67a79d59c2cb30ea1d505fac8fcee92',NULL,'1','ad67ad4ae10bbb5ec187f3ea79188de785e042fe','0d271df1f0574aedd0b85971ce9312c33bc04621','f45744beab102a566f19c0666681a45dfaf71d47'),('11127073',NULL,'c0e5994ac29659a6257d84cc9d96b32d05f0dbbe',3,'L','46475b36a4be45c4a9ae','1998-10-26','037703016b950cc87dee91c2f6bbc0aecb637665','82776ca7b77e5d1a2f1e942cb094e404f14d7f50','KARYAWAN','1','d3ba4daeb6a85934daa48f3e974bb23eeecd5dde',NULL,'28f7110d8d8c3aa392641445904c3b4b20980e64'),('11128130',NULL,'57cc3ee58956c6d57d8886692cc28ae5dc4db8d3',3,'L','46475b36a4be45c4a9ae','1996-10-26','9d8b1d8f1229c96a5c8ce0213df2443ec22fd6e6','6ae38385d78f8c3471b3eeaf7853619b342e1f51',NULL,'3','224f9279d034c9b9d9fbe81d626dc24a16ee7fdf','d428e10bbddf058065fd311ec9a0f68bf9f82a1c','c73158a4e228f859261d76e089f65f6c59c6dc22'),('11128131',NULL,'5724a0921db80fb075aa7d88a7b378df622cc888',3,'P','52817b0f2dd344564c46','1998-04-26','f42298d75179519078ac253e467e3dcbfca7ea4b','3bc0ae09176f5f8aa9b7505de0559e7d5f15a1e0',NULL,'3','fc7585a42792fbe557d5eca10bc2f00e4f2eb792',NULL,NULL),('11128134',NULL,'a85e94c7878ae3543ab8e5885cba4c0e4dd6ec8a',1,'P','098b55df5d0b341f82e1','1997-12-20','7c74e1c714e65cc907ac5745653c831ba9d0737f','264f8c222d967b17d915303dbffb7e02ca59f2a4',NULL,'2','2dcd8f5dcd35388d969fa6ec358f17de3d269ff1','16661a8b7ac0831ddba2f8d755be07329759f47f','ee43a4843932e5aa3035eedefff1a921b89bdd91'),('11128136',NULL,'4b4f38baa97dabdb018b67c32e73cae8689e1e69',3,'P','98120899adac847a40c5','1999-01-21','41b01cc84f86afd6c799c4622acebd9dedd6753a','e7a6f1bdb8d8e07238836fa98cb9682dd2f30ce3',NULL,'1','7ee90f4c9297a6d035868a539d4ea53b7483b6e5',NULL,NULL),('12137001',NULL,'236087ee2c1da7fcdf3aa74fbf4c9707be4e1587',4,'L','46475b36a4be45c4a9ae','2000-01-15','a70ba0434976cc3997639038decc53ba0ea1cc68','73112400f26793ef6cdb34749c4913cc55e8665d','WIRASWASTA','2','fafd8cfcb13db8d759c7ef32ed2eb86828074f75','0e2a485df3b9c6df7e04eed525c629f327fa632d','2db490d4b34c33364befb384fe9aa92104caa0c2'),('12137002','0001375241','af0c1c3c7ccd348e48b7dab3e15b99639e1e638e',1,'L','52817b0f2dd344564c46','2000-08-19','eeb4339610eab8be9ab89fab1b07edea9e9a0661','ae50b22c8e47517ceb9874f5968dbf954895f59f','PEG. SWASTA','1','684af0b1f608311d70d685908ba7c296dc4ba36b','524c1fe8a47332f74c609e1919cd58b44a41d0dd','9fb7a25876a49b580419caf19057b19fa83e2c61'),('12137003',NULL,'b6f060c0c8709c3e0e36366fdbda9a9486e39a52',3,'L','46475b36a4be45c4a9ae','2000-01-03','1674e194c051c3839cc3047acf5b73ad82830f50','b64ba3cdc8c8342e69064803bfa8cff9f571dcb1','KARYAWAN','2','90746ebe9c9316c3514d12f205b377bc4d181738','99390531f445bca87e85ece504f31627fb14b6f4','19cc81cfa60e6c3c1f6fbd95ae9e8804041da34f'),('12137004','0002477570','e1f9b00cacb26eec1d86eb797d5f996ab0ed7973',1,'L','46475b36a4be45c4a9ae','2000-07-07','9189d7d51d9c2c961f217ad6016f626aed770c43','e67c9f666049fe141662e0cd29d841414d9a83f6','WIRASWASTA','2','06d39296745ff609da4ea4b6b8e1b20cc6502129','aa487df8a3902a6361e58231e9c872a57466c7f8','9fb7a25876a49b580419caf19057b19fa83e2c61'),('12137005','0001769844','d6a8c8639de893ec2f5790669b58fe3fcfc10994',2,'L','46475b36a4be45c4a9ae','2000-09-17','6af384c6bd3acea25a17bcb6188b1d1ce6e1bbde','4f3b2c83158761cde48b7196ddb5a7437a093dc7','WIRASWATA','2','dad31ed15e0fdf4a6043bad6a425bb337c13fbf3','68dac4c7338e04c6f983eb894cf718713d19524e','a5463779487a704eb8eaeffe0171b5787018db63'),('12137006',NULL,'fa9e10a4fdd155a56cf448322b9b654b5bc37dcb',3,'L','46475b36a4be45c4a9ae','2000-01-05','d833699d7bcfd82ffb9f45a6def01a6db8990212','54644505b3912dcfc465c5b67a30afae06c04dce','PEDAGANG','2','682d9af5937bb811d59c4d9e537cd148323d6eba',NULL,'603c1837118df5bbdb2d2e31500e2e7a5a8262b4'),('12137007',NULL,'3d915896d4f98dd70184883b06c3d5c6b1655e47',4,'L','46475b36a4be45c4a9ae','0000-00-00','766fc61b70f8debd0b37d725a035b0e9c20fd23e','15d8f9c694c1005202fba3e34861e6c4dab9e169','GURU','2','30f2d3fbf10bfddc8766230ecc4ada3b5a87a8b5','25f503bec67a3e33e10994451f96980be76c8fc1','28f7110d8d8c3aa392641445904c3b4b20980e64'),('12137008',NULL,'5e0f3b6701fd7cc15aa04f2f4404da847b7bef0d',3,'L','46475b36a4be45c4a9ae','2000-02-16','e65e7aaf36dab517cc3116e85d6bf1018de35d9c','f568bf91caef5807c35c7723a3d7bae8061ab853','KARYAWAN','2','b4b5c2d77362ee147d0bc730ac03218ee0224abd','f89d57c12a1cb963eea60d9d87caa17d36cae03c','28f7110d8d8c3aa392641445904c3b4b20980e64'),('12137009','0002493506','1d5d98dffcc205e633ab2f7ed1eba2bdf24446d1',2,'P','46475b36a4be45c4a9ae','2000-06-03','252d28bfa7688c933e68e4e80887d7487f1bbf35','6bd815ac311f6dcc3f706601372d10ae9a84e7af','WIRASWASTA','3','70beb646a9d0b235a92afdecbf270ca805ff33d9','ef97444cd099deb4adef8ef77256ac320d226d7d','3a5300b6adcdb9a36a595382a6e884254a303c92'),('12137010',NULL,'c0953e0c78c25eceec2f7da5793ece4102fe6624',3,'P','46475b36a4be45c4a9ae','2000-01-10','34dfc4380ac839c7f900eafbb8e11ee9f50a2213','30c920ce2027022170e11551488e9a8bfe7ecabd','WIRASWASTA','1','f53416d7bdf90e89763a600cb313ab70ebd5b967',NULL,'cee55a7ecb19c72475a3c5bd9173a7aa2ba2f702'),('12137011',NULL,'42b31645681803f1348016036248e2dab1ec6643',1,'L','46475b36a4be45c4a9ae','2001-02-21','cf659e7c778d65e46d92c487e3889e92f3f45369','863fbd7820fba913fb0dec4ce92e5817ea068379','WIRASWASTA','1','b9c926478caf2037f9f62000e93692f511ec1627','3b3d9fd61663d8cf3edabda4d3492af2e2280002','28f7110d8d8c3aa392641445904c3b4b20980e64'),('12137012',NULL,'5c473982b622bd82db9b8944cf780dd28f3c0fcf',3,'L','46475b36a4be45c4a9ae','2000-08-21','3c7aef1c9c9abcb80b9c97a7a360a6147871a3bf','baa252247628af3afd8f0e87f08ceea1b7ca2dcc','PNS','1','2f45a44d8da196835e4f0e5a1a4f00003dcb4f71',NULL,'2dea806c85514cdcaa86e86de5450c006b3408b3'),('12137013','0010216974','4ffc39ed7d265de2ad4e141f0fd33ea2af081865',3,'P','46475b36a4be45c4a9ae','2001-02-07','0cb6247019abacd9749b99d23eafbc727354afcf','f5408d20e9ae5a4551afaf34d8b74ac98a7cfea1','WIRASWASTA','2','26a4c495c9f684d95fb890a6ac515eb784a3ad47','dbec68b260f0a041d901c734e47c48ed7e7cfa25','1a512f55d34cae5bd12bdbcd386e67e1d2e80ab1'),('12137014',NULL,'47c0b13f019b6c42f5e49868312568d703de1c7b',1,'P','46475b36a4be45c4a9ae','1999-06-27','be0c4e1866524cf285cbbc101f355ba63612a1b8','565709f9c860587caf16671ed0ab5c06a18f93b5','PEG. SWASTA','2','de9cd9f7db00f76e7f854c9084dc1f26aa618aac',NULL,NULL),('12137015',NULL,'9038c405e83a488336e611b6edb74a8c15ef348b',3,'P','055da12553b22dad9f51','2000-08-17','e2b0c02c322a59ef17bc4b05029463becd254aa6','aab45fd2268bc37b4e806994de5daa7cc3338f1d','PEG. SWASTA','1','c797198772fac356658f813c33b26fb0daafe9c3','87532fd6b33c6f895dafc1a3bbd37b62846ba1d5','f909b22b6b7ad5b711b727820838f40e6a59d7b7'),('12137016',NULL,'e17688e5b760e077ccffa549f651864bd7afc65e',2,'P','87ee1f81fe711b16d0d3','2000-02-13','4391532f6a174200091926ee90db6b8c9e256e65','11de482d5b9c53687c866a20429a72d64ce1bd8a','WIRASWASTA','1','1151c9c259be767f64bb38f425db1dc3644f189e',NULL,'28f7110d8d8c3aa392641445904c3b4b20980e64'),('12137017','9993536493','26d0f265e0643ca9377a280e2e136aebac92d361',1,'L','46475b36a4be45c4a9ae','1999-10-08','90f73bb00a0ad9722f9da1b0493d3a1d6a7a2033','1b240b4ee02d7a939bdca5e48b050a15daf96f8c','WIRASWASTA','3','1d02aa028409a88767ca4b54218f560a72521ab3','8c6d343e39778bdf49e81715534dc21187a8f29c','28f7110d8d8c3aa392641445904c3b4b20980e64'),('12137018',NULL,'d0865a8df8258ef2a1e8909cd7a222a9e2be8a71',3,'L','c338da5fc31e39a9ff7e','0000-00-00',NULL,NULL,NULL,NULL,NULL,NULL,NULL),('12137019','9993458110','d0aa16ededc2bc2d11ff0ffa0552d68c2312091a',2,'L','46475b36a4be45c4a9ae','1999-12-03','c0141033baf67db377b3fde4933bc50f71f5e889','4c72b55aa4ac719e4ec3625af2f5431bf04cb5fd','WIRASWASTA','2','98307c5a940aac60877c59bbdda99be3ae77b628','9a96e395f21f2a987af6300103e1e72bfbd36ade','9755c61406989d9035a417ae5bc3a95017caed55'),('12137020','0002410183','803d9dcabe50f0fb233890c0bc098f48bda58e1c',4,'L','46475b36a4be45c4a9ae','2000-11-11','37f7700c83090306dcb21cf5184dd8acbc17ed5f','67796300de5cc1a650b449624d3143a38b18d696','WIRASWASTA','3','8b2bb544c74b9c1c4520c8d17a2e35e704dc600c',NULL,'e41a47f0c329de767920cbf5edb9028594554fff'),('12137021',NULL,'e07e395dd1e1509f96ec97bbc25f5b0fff1dc7a2',2,'L','46475b36a4be45c4a9ae','2000-05-28','1026b3c7b265cddc23c2a9f7862ea86d328fde96','77255c70ffb40e07b38ee511eede817b076ed6cf','KARYAWAN','1','baf27293e955d6a690c51b928f9ed782dbb9aac4','d24e970d887d6430976f9fced02d8b3776d58414','28f7110d8d8c3aa392641445904c3b4b20980e64'),('12137022',NULL,'8027e47700451c30ecbbd872ac0d0ffe624cd267',1,'L','46475b36a4be45c4a9ae','2000-09-22','ceec47029606b1ecc21e727ca72022948d14e671','c90d327d89bbb87615953de4c54db903657d2702','WIRASWASTA','1','242c8dd2de7cfcc721ec25df73acb1bdf404c99b','ab537fb0b44e91538a128cd40e4d8bc5807f0f03','28f7110d8d8c3aa392641445904c3b4b20980e64'),('12137023',NULL,'8c78df34b9f8185e713afc2b01a4db2b6260a28c',4,'L','46475b36a4be45c4a9ae','2000-06-28','58f6509e47fe3528829898afccbd0541054f5796','ac94d7a0836c7974dea90acf9a18f25294acb769',NULL,'2',NULL,NULL,NULL),('12137024',NULL,'10aa0c8d0c32b65ae1a3c03926ff6696026fce5f',2,'L','46475b36a4be45c4a9ae','1999-07-21','c3065197a9c6554a610bb31ba7aaff26fef8164e','7e3378e89f887f856606cf6e6a2b48b46568e496','-','3','93de5d24be7c32bd697f85019b205c06b3b831b8',NULL,'433a8c424cc3fed2dde935fedd50d677daa734bf'),('12137025',NULL,'ed054db3f4311646cd499ee91dc04e5298487906',4,'L','46475b36a4be45c4a9ae','2000-04-26','20864e331b2431701e2ea3b63605c28a70137884','c68fba2fa77c15fbe45f3fdcaf54b16253014b7a','WIRASWASTA','1','446b40453398dd8d3d449505f6800489270b2085','83df60d397dfa824254616f33805854b63297610','f4a8865a059764946fd8e32586c2019cda6d5cae'),('12137026',NULL,'3ff83275fe1f5ed3eb1527e349dbce82bad14fde',1,'L','46475b36a4be45c4a9ae','1999-11-19','a9497b8108a57affc763796d1075c165e8634b1e','c0cd9a419032ec46017677f9dcbeed6e11e71396','WIRASWASTA','2','b9c926478caf2037f9f62000e93692f511ec1627','69a3fe9ce9a32b57fa1d7e4b64af019037d1786d','28f7110d8d8c3aa392641445904c3b4b20980e64'),('12137027',NULL,'84f63592372a9dd74fead9b766da2ce788f88c33',4,'P','46475b36a4be45c4a9ae','1999-10-08','e7061a4b58d5e0bfdf254c6c37b859ce5999f5f8','65a3eb236ecd92733ea5e1d43de7ec0b9b38c4d9','WIRASWASTA','2','ee3b575ec928109a951c896277f1532b97c87490',NULL,NULL),('12137028',NULL,'04b021b1189f0361db7203828d0f1d4a1b6fdef0',2,'P','46475b36a4be45c4a9ae','2000-06-29','1cddae98aec3cb47940cc02ad053dc8e7946c666','83fdb309385aa69484c2b7eacf522da1bd57b48d','GURU','2','0ef41789003c7545e9d2c4e59ecb03535a5d548f',NULL,'32c9ecc24d2159b15c7a6159eb0149eebf409a56'),('12137029',NULL,'de757e3c99788d9021685343096417c50f30f90f',2,'L','46475b36a4be45c4a9ae','2001-01-17','20864e331b2431701e2ea3b63605c28a70137884','30fca8e2ef05b3ff2710a4158d9b8afcae4bfb43','BURUH','3','4044a12bc22991b80ea62767d32c760daac38e5b','654dd455a7f38fd88bfc155afb3ddac0d8e954b6','3b8ab62a9af855014b6e11842c21268b4fa9cd80'),('12137030',NULL,'27659f99666a9939d8dc7863ff8cade9f748d6b7',3,'P','46475b36a4be45c4a9ae','1998-12-07','12ec5e950098be9181d6193cf6b2802e1c1c687a','406b2f9c88768a3ac1f4e79dc6853264d3215d52','WIRASWASTA','2','0d666cbc68a21bbc983d92a90b3ce5f9405a8ba0','78a5d5e6a740b462df8995d0979535462ed7a7db','64ac76ea4e3a53f9c681070cb28d766c5a0e4c3e'),('12137031',NULL,'23f5de50598d1c14a8b68ce59897d325c71843da',2,'P','46475b36a4be45c4a9ae','2000-09-08','751581178432661b44b1952ffb5cdf9027bd7e7e','b9e15d1cafc886bb94525c9b1bac79e0e9c936d2','PNS','1','4c55d7c25f1d36a8d228922989cf553e68f5fc2d',NULL,NULL),('12137032','9993433422','e70e6741dda2f8256daadb30c646ba24beca24ff',1,'P','46475b36a4be45c4a9ae','1999-12-14','4096f08055da679e67857eb390f9f08199107fff','f4d221982ccbf29d374b38174d43f0e3075dd8b8','PEDAGANG','2','9573c1dee514b856c9e8694ffbf080894ff2844d','a74fbaecaa99c8f240efe274a643ce4012a99bbe','6d1743b88f3ad19d34f1476423c7e834e37284b6'),('12137033','0002457848','484e5bee3c4db7ad7aa6ccfab24a54e4949aa789',2,'P','46475b36a4be45c4a9ae','2000-07-25','99ffe344d23559cb0d3062cb6131845c3bd78d3a','d94dc52d532af74b59261b6bbbc7e374da81e61d','GURU','1','316e22c7a019caf4067f3f4efeaf60ee514fdf20','1f4f190162c6910cb08c5fc58fbed974455f99fa','d9d746555b9aaaf3f48815ec8a06dd85e7a50148'),('12137034','0002552159','933ee7fd2cda926d8a29cabc20634d3b2b2f91f7',2,'P','46475b36a4be45c4a9ae','2000-08-29','a6da78bf813a2874abd6f0f7c8589a6e0336d3e0','7746ffa5169b7e2e4c9f1799b26fd6d976f64edf','WIRASWASTA','2','d2428ed29f36b3ee493c3dc923348d8271b83125','c63bd47a7697522c5f385ab2f75e0e8be24170ff','689937149ce943c1c35d1d5eb81fa7d7f035d9aa'),('12137035',NULL,'30129053e013ca7629278614dcd1c475707d053c',4,'P','46475b36a4be45c4a9ae','1999-04-20','bd5f90b6f4679b16aa5a2e523d2f352022eb3c12','545554d5f3c08fa74d3d1443e596fbde85af5d84','PEDAGANG','2','ca86333345f1fa4c6bbbefd03e210cf44c187726','e19e9f43aea8b41676082c0d1828ad61f3226bd7','5d9d6134225ea3edc68170641ba164e00286ef22'),('12137036','0002419105','78f85037a32785bd548163b1b24ad70fa28d023e',4,'P','46475b36a4be45c4a9ae','2000-06-07','72421fbf245b051ed198764c1b257055725dbf39','165642432b90261cd6a9112e03507bb166496153','BURUH','3','f7113a171dc036a250be97524edb94efbfcc9cb1',NULL,'4f19be160f35044ffdb3d24a63b4cc041e8f1a4e'),('12137037',NULL,'09222a7f7d0629aba755cf59defcc5b6ee47b19d',2,'P','52817b0f2dd344564c46','1999-06-26','286abd2967a4e48499c2805bd1dd3c5f86ab73f5','2f8d4979b1b9f7f0272366963cadbd9404c1f8c9','SUPIR','3','927f03e86602d4229e9331baaf0aaad4a77eda94','0db98ffbbc56a8844f6cb40e9b8d13b02a54fad0','19cc81cfa60e6c3c1f6fbd95ae9e8804041da34f'),('12137038','0002479572','d40c7af6c780e6337a90459b54d76da077763e96',1,'P','055da12553b22dad9f51','2000-11-19','5f61c569cd08554db240e583500081a9b879f746','06585cfdf6afb649f0999a66e3347d5ce4196114','WIRASWASTA','2','f7220acaaf364ba88c6f0cfe7a9add01e524f001',NULL,'b81923efc785347833aa2e433cb268cd5dbe2b8a'),('12137039',NULL,'4c70d4382e26b3c6b91be7d44b757112dfbc91b5',1,'P','46475b36a4be45c4a9ae','2000-01-26','bd5cef7a8d25af86843bcae75c22fa93ff34fd7c','4e62da14013bf1fbf8825c4a796578385e434669','WIRASWASTA','2','9305d16c1682d227d4255c5850f8a0b7de783f93','a3c46c595e57b75252867622cf011e685a61e3b7','10e5528ecc5efefdbc950ccb3d217a29896cd37e'),('12137040',NULL,'dc42af45163933cb74fa91191c47215c2fea4584',3,'L','46475b36a4be45c4a9ae','2000-01-26','e5c17487d33a5306e488ed33ad55e8341eb872a6','a927bbca8ab5161b6d911132f1972c496b5479b1','WIRASWASTA','1','d844514596f3856491712faf49d87941cc2fa101','17445bdc87651b1c686fa402b89e6b9181fdc47a','769507d500145dbbce6678cad0c43c6d1b487dfb'),('12137041',NULL,'96b9c66cef924ee8e6c879b216c87a609411e66f',4,'L','46475b36a4be45c4a9ae','2000-09-26','ae0bd8f3b8e3c1ab87cad3adfe0d230f1cc55ad8','1b82b5535b7ba14b7cb114b18014faa14815f844','WIRASWATA','2','a0584a918bdc57d72041a0423638cea091f2d1f3',NULL,NULL),('12137042','0002411032','51d0c6b5f8f9d8f3f2fa06b27d12d951e6462eb4',2,'L','46475b36a4be45c4a9ae','2000-05-25','f8505c6eab6218176ebe69054e4c6a01555a4827','d42c05a03fd9ae90cd30b89183d36bea45ce8090','BURUH','3','85d9c92e9652b18834f127bcfa0f5169992a39f3','2696ba351b36f4d3eed85d5e8ea669c6b0a7bf6e','88450f0528b2d00225caf5883e03c51ac833a5e9'),('12137043',NULL,'83836b681eb7f230c261ce2b30b472788745fbdd',2,'L','c338da5fc31e39a9ff7e','0000-00-00','56c88d41e8a2694491a628af73cec37d7b41b7a9','1e0f6e7d84fd3031e9570f4eedef0e2bc1733732','WIRASWASTA','3','2c009ab1816568a760aff06bb1702d861175c7f9',NULL,NULL),('12137044','0020018754','8cbf4bf56afc4e01fe55cec0f3a5bf762189467d',2,'L','46475b36a4be45c4a9ae','0000-00-00','364b0145408383e5d23652f1274bfc89a64b609e','9c35d5ffec03669c8f72017843c682434b758b3d','WIRASWASTA','1','d72b23399a86b99d19c4c48e0590f154b59eb5b9','16d3c7f8b2c9974af716ad43abe294e4848271cf','274fa9f142834df94887e6210c7c4f1210697a6d'),('12137045',NULL,'7d508f9dc4153d9db1e24df8ce8ed8d46fc48236',1,'L','46475b36a4be45c4a9ae','2000-10-03','1e665c35673799dca91d874d0f098a7b56e533c9','dad9014cf94a1ec6a8e1e4667b784197d0e3732a','BURUH','2','8647e1344c652d5f3e9d102789423c9b3a53a32f','421651a5822304ebee8b7ac0bad79658afdbb7ad','c6bd73b555b52a10b37159f013063112f2196080'),('12137046',NULL,'b8823a0b49b4d5233bfc09aab47bcb2070255597',4,'L','46475b36a4be45c4a9ae','2000-04-12','86d51ad100b6deb60747ba3b2fc8333cde25753a','ee74d4a5062d820c22a98ee064ab94e4d4b00032','SOPIR','1','3dea43d42dbd7c175c7de7937259a5ce320615da',NULL,NULL),('12137047',NULL,'ebc1848119bd1520b089921e189f826f02688aeb',1,'P','46475b36a4be45c4a9ae','2000-07-28','3d007265860fc271e61d9b76e53c3b7baa3edde9','8ac08cbdaa526fee377b33e9a381ae50ad04969a','WIRASWASTA','2','1151c9c259be767f64bb38f425db1dc3644f189e','5778aa12e90af2495a20a03a1855bef5b460a088','28f7110d8d8c3aa392641445904c3b4b20980e64'),('12137048','0001883154','7b60ff236743dfc536ecb1e1aba8f6dc5164a4c0',3,'L','46475b36a4be45c4a9ae','1999-12-29','31e828660b997044ac4a7eef3fd136587d0087bc',NULL,'KARYAWAN SWASTA',NULL,'1a2e152b4bec9bde996f9e5753d9755dcc50026b',NULL,'789c2c9cc711c1f4d5e92594581f029e6559b035'),('12137049',NULL,'755c86f46a1ef868332bbc73ac341b0ce2a05869',1,'P','46475b36a4be45c4a9ae','1999-09-27','d4eebb1783b6cac1886deb0714e42dd3baa40cb3','5b0df43a2aed10393811772aa3733a9c3c9afaef','PEG. SAWASTA','1','9392057b428483c88ea0e0bcdd3ac258632d2fcf','00a821617cce3704fbf6ccb9cedc7706fc9b8b08','28f7110d8d8c3aa392641445904c3b4b20980e64'),('12137050',NULL,'6c982e9baa029f8f7f4f935d90eca880c925264f',3,'L','46475b36a4be45c4a9ae','2000-10-29','a7cb3ba175f8b08039c62e68c71493441d0517eb','9a8dad8fb222607bfe56b4df8f8fd5e053b88c02','PENGUSAHA','1','4a2999fcbde8d32e77a2ef3d27c51c4e068bc9c0','a9cc2fc7e42d47a7249cab305cf57724e4397f34','28f7110d8d8c3aa392641445904c3b4b20980e64'),('12137051',NULL,'0564886de179461ce328dd0d057f950e8767c2ef',4,'L','46475b36a4be45c4a9ae','2000-12-05','6aa25b8b190e26523a90cf7d6e84ea65df34420a','85a92912b518813af5f1a93d3fef850a4218c695','-','3','f1ccb777907cb7a9b94e7276ae1ed48b9b806af2','7b6fe0992fcd028c0b8fd539cd0b5c2c87ef3002','6c550eca4fd2a16dd68643b0a68f8c05f3efa663'),('12137052','0003033726','a0155448bc4923bcb08755b784116ca9c333765a',3,'P','46475b36a4be45c4a9ae','2000-01-31','1f125199cf1009ad48649dc6adc5791a68ce1b74','455f5d2d36eb725cd85be2690afb7d5b8d19153b','WIRASWASTA','2','b28eeb69618ab49a7cb1c03d26fe305efd66b717','547839ba1b2c8a9f62f18bfe9547f1eb8ed8d8d7','b831c6d0a0c77f0c5253f810f5dec75dc1f9822a'),('12137053',NULL,'4cc0631523981b8f9521e680ff036e3e4d1156ad',1,'L','52817b0f2dd344564c46','2000-04-29','20e12e3fd5c5b12e9094c7c03440bf25937409e2','d5ef4977ecf355d7ab3efd78a1ad3442c5d014e7','WIRASWASTA','1','6fba7183b60e8dd9eead3ecbf1ca46ca1f8d7c17','c9547f237df07b49f060e594e0985cf47d5a8706','28f7110d8d8c3aa392641445904c3b4b20980e64'),('12137054',NULL,'d86beed042574866875c907308c65b3d3c428249',1,'L','4126bd9d6008c06ec9ab','2000-04-15','e4170d7d4d51b69322974ab9c172472a47e37ecf','f84d94538e7717dff02029fe020003cea3d5890d','WIRASWASTA','2','339bcc971d59f2cf0cdefa7034c43b1784a8a28a',NULL,'bc95ab89665f8a12ea3b6fcdbbd63ebcd393644a'),('12137055',NULL,'0e44364e3a2db7d83d0ab77c03545543bc8fc279',3,'L','46475b36a4be45c4a9ae','1999-11-25','2f08a4a055e3b85c82f8a049da57982b2f847b7b','6acef486d44d8d7ec224653254c60505ce5c27dd','WIRASWASTA','2','de196b1b9e554406266b5aef6944bd81481b2923',NULL,NULL),('12137056',NULL,'20117f603a23752ba94374e3e1d03848ab4cb215',1,'P','46475b36a4be45c4a9ae','2000-02-26','cf659e7c778d65e46d92c487e3889e92f3f45369','863fbd7820fba913fb0dec4ce92e5817ea068379','WIRASWASTA','1','b9c926478caf2037f9f62000e93692f511ec1627','6547f82dc24eb8951dfedad1b82d20940c7675e8','28f7110d8d8c3aa392641445904c3b4b20980e64'),('12137057',NULL,'f30ae31e33f07478d731393a401ad5cd6cd641d6',3,'P','46475b36a4be45c4a9ae','2000-03-18','15c2ae12762039a1021c463bd8aafba5ddd863fe','1868470ff401d4aaf45372432a8e71e33b937ed6','WIRASWASTA','1','b72d975579284d6b8deff12fbb186bcbfbf56782',NULL,NULL),('12137058',NULL,'da78a89c8ddd4d9c3392bf717f757ab9ead0b82b',4,'L','46475b36a4be45c4a9ae','2001-01-16','39888853a42e317637c4fa6be5d20cc554a95510','25e3c194b14b36cf1f52db2e888b44cb1b2c3a34','PNS','1','36b3945a277710b218f27336f827c9a8451168e7','a3464f9d7d5c01897323b1c40bc4f2c723931e22','d1b3a4078e30fe3699eecc664be96ba4e2961130'),('12137059',NULL,'9b7610a624237dacec00e418ce17d84972f25cd5',1,'P','46475b36a4be45c4a9ae','1999-08-15','c7baa591d0b6d0eb1a82b8859596b013778aac0b','929535bd9aa461ada0656a5cb6afa1cf90cc0814','WIRASWASTA','3','3d52bc62f7ad4effa199615be5e16bfa34729d64','f42ffd2259aaf0b7ac24691afdebbb070cee9a1d','4ca9173044d29289ac616b26657235955c5240a7'),('12137060',NULL,'dd1541ef48efea9c44d7f8a11bd46eef687d8fde',1,'P','46475b36a4be45c4a9ae','1999-12-05','fba8e953dc5d5a4ffa9d2e867f163fed0707e857','8c56bce435ff25b1ab2f71e17c0a5452f466d0ed','WIRASWASTA','1','1b3bdff47b603e586c8283c77b96f846e013485b','4438b6eba8bcac615ea288002cb111932a3bb295','28f7110d8d8c3aa392641445904c3b4b20980e64'),('12137061',NULL,'0220308e0082963126a79af0f504ef906982acd0',4,'P','46475b36a4be45c4a9ae','1999-12-11','2cc3fb377fec64aa567e5941f260bb34f5c73492','9a6b30903bdac84e691938ba5f8efedf5214816a','IRT','2','963bcc0d39c3a3b60843164511c07fa1894185ae',NULL,'4532215fb9498aa41401d181955903fdae1b518b'),('12137062',NULL,'3744f5f5d640219b54325be444def4235faf4dfb',3,'L','46475b36a4be45c4a9ae','1999-12-04','4915495942e259ba07abdb628f8b2aba59590f76','404fd1fbf263fca4bb8ed75f7fb1611cd2d25c61','WIRASWASTA','3','3291243d10b7464c04c5d73451a68afe37c44bdf','936aa0961b5e9ea5ee3d06c7b9461d73e114ec34','28f7110d8d8c3aa392641445904c3b4b20980e64'),('12137063',NULL,'d2c031497bfab6cc4a947d63811aec0acd85168b',2,'P','52817b0f2dd344564c46','1999-12-21','3342b6eb046c405f5150d139acc4ca3ec4146222','2576105a92cbe164af4223a12241346925c21374','BURUH','3','5b2e725271f1fc2e19622c81cd9d6559e246e85a',NULL,NULL),('12137064',NULL,'ac5d6835409a78528fb6fefebd5f7af0b29715b6',2,'L','46475b36a4be45c4a9ae','2000-05-08','3347dcdf9800a5db8ddf1f9b27b30a1d80c53116','83b6bec171b827a9facba45adee5727a8d6f0314','PNS','1','e5b0d0f74de6eb228bea3769d9589dcc4af2e8cc',NULL,'bb4a97fba03f83d737f6c37d5da6101aba31cbe0'),('12137065','0001769847','c63b1ec30db787bea316311ad07a07b233bfa1f1',2,'L','46475b36a4be45c4a9ae','1999-10-15','bdc557c03dd8c5021a9b866f0b1b9ee57844feb9','d45d5b55eb43c976c0f77584cad45cadf6f6d14a','SWASTA','2','96a25af20772e4ffd2cbaf8ee1b2795f507c953a','87649551432f0fcd702ab312579300e71403fc67','bb4a97fba03f83d737f6c37d5da6101aba31cbe0'),('12137066','0002450309','f359ba4939638d5335fa946c26e9f84303155c56',3,'P','46475b36a4be45c4a9ae','2000-12-08','c8236b73a09703a01b4e1109021393fd9824e794','11a04f539c1353cf92f712830386409904e8a535','PEDAGANG','3','fe26c7b379ed7c47d8f78bc820235138205cd339',NULL,NULL),('12137067',NULL,'c770c3b7ce7007570f9583d90c87e0d1264d6222',2,'P','46475b36a4be45c4a9ae','0000-00-00','302757f71f9a19eb4280a6aae32b95c3a63cd1e0',NULL,'WIRASWASTA',NULL,'0d0164fcce1af70e4e5b826136059d58232ce7ce',NULL,'de8ae965e80ff6851fd3b3d035dce0070cf5a4e1'),('12137068',NULL,'bec14deed2e056f60c91adb13cc43a5a4a3d756f',3,'L','46475b36a4be45c4a9ae','1999-01-11','f07ee95b7892a5a8843b3aeb0e49b722e1ae1a94','b426ee305c03ac9b108b5d9724a1fd74aaca952e','KAR. SWASTA','2','aa9fcd8cf7ab9476ca3c02496413ea767351bed1','df7e357f62afa985084650471a83d7f7c86515bf','58fee80c5fdbe5903320bc47798cf08669c5bb37'),('12137069',NULL,'c6b8c7e7377763f4e2987845320771b6a41c146a',4,'L','46475b36a4be45c4a9ae','2000-09-06','04bf4c6b227feafa3a8b5a79d7db372fd22d4290','4423afdea17671d027afb7b6e4d45cf921671f23','BURUH',NULL,'bc0cf3dc9f0d4ec9682fcea82cb466f9b14a17f7',NULL,'19cc81cfa60e6c3c1f6fbd95ae9e8804041da34f'),('12137070','9993474702','8b0144235bc0d318682f4f9ef7cebf65c22fb9db',3,'P','46475b36a4be45c4a9ae','2000-07-28','29eba4940b2a8041cca3212e7d93640d96dc5be6','0125a90679b2552b13ad767c0a669872e0a02996','BURUH','3','af0cd9416e87e8e3fadf404b34eb2affe54a7239','d814c8b585c5345e9fa726a1f81c71d1ca5f43cc','0ea555053d6716201f6547b8b1312fe7ad23a7ef'),('12137071',NULL,'1e1288631952b3e91bc202e395301259f4caaee1',3,'L','46475b36a4be45c4a9ae','1999-05-27','2dd3870cc739a965c4a5a5b3766ebbc2af17b3dd','4a3d7ce607117919402f33c8d0ed6daa15b10a6b','WIRASWASTA',NULL,'93de5d24be7c32bd697f85019b205c06b3b831b8',NULL,'433a8c424cc3fed2dde935fedd50d677daa734bf'),('12137072','9993433435','0d521478af2158c5a49b0eb5040e438956ffce29',3,'L','46475b36a4be45c4a9ae','1999-09-14','f29e90a38644ed3463ac70f939bbb87d4e9eb210','dfb452f12b55fc10eae2bf8cbe1ff9f85ab961f1','BURUH','1','247bf787aada4326721936f84bde8f4e05af637a','5a227d60d8dcb3eb3422ea628013093efd2f941c','951d6a32c1fb76c359f5d0558ce3192cd81c0291'),('12137073','0004272953','0447fdefa5a54aa8aa14d6d7e1f7279cdc2e5085',4,'L','98120899adac847a40c5','2000-02-09','06ee498559db9c738079133dc0b847dbe7c78468','616ec4d9dfddfc91d40788916ef84334cdf388eb','BURUH','2','7da5ba9bfeab3445753eb49f4e065d6744d99d9c','3b962560558e91ac25e5549fd058ff839b381ba5','1be09839a11d16aa66dd1515365d2e17969e4f2d'),('12137074',NULL,'2e4b536a11399b4cab3189583e5669f5b5293b35',3,'L','46475b36a4be45c4a9ae','2000-09-05','a258658db5b1511fb293ccbe0da55b174ded31f6','117ac56d9405c6fffcdb7525e5a681e7f382fd8b','WIRASWASTA','2','1d4ad076459f75af0d1bc4a208e863b43a60215c',NULL,NULL),('12137075',NULL,'a8d11ca341d09de743d2a620da1b78229bc8c25d',2,'P','46475b36a4be45c4a9ae','2001-03-15','806746d1faf3abe47a99a85afa7cc3a78b2229eb','3b4e456bff93bdb304529365bd4a814978001712','WIRASWASTA','3','75466e6aeebfe3de6c6967d2c65cfaff9a0d1eef','7448499cea54a8e673149a4d5c55b36edb222a0d','d8e71075554612f8acf4cd89997e3c8fa826358d'),('12137076',NULL,'326fee676941c6a7dba70bf3d3c294cc642ef6fa',1,'P','46475b36a4be45c4a9ae','1999-01-15','1f93191fee59b6edfad1f68c45810ca6a262c18e','5138ec5433923ec231eb69983109b5cfe08be0cd','IRT','3','78c2e9a54b20539016f4fadbee6a35be2a3bc597',NULL,'19cc81cfa60e6c3c1f6fbd95ae9e8804041da34f'),('12137077',NULL,'305935e301c0d1f87646f038679285aaf6d85ad7',4,'P','46475b36a4be45c4a9ae','1999-12-29','302757f71f9a19eb4280a6aae32b95c3a63cd1e0','deb46502977a718a4d6d8dbe3b639b789facf20f','BURUH','3','5e2768139bdb388155883a6fba2e6f915d1e55ed',NULL,'78487050056c1fb9cd3fe36ee730fdd5c362f765'),('12137078','0002477482','d060a7f1ebb3c74fff2f40a5e66452d2dfe484b2',1,'P','46475b36a4be45c4a9ae','2000-05-22','fbb5a261688ac1e490b8a74e36b2543a7df3d750','a80d24a20d25e9cc22e6c3698aff8238cbb2a541','WIRASWASTA','2','7675376489eddfc777bbaa6dff8ea4b91a0f1f8f','814e032cdae1b6e87207a025561a2cf49e2e2558','08028f3e4b1000e00520e0af138c7dee0f17eb8f'),('12137079',NULL,'a571d5c911dc34ba560cd85910e9685e8451a7e4',4,'L','46475b36a4be45c4a9ae','0000-00-00','3548d91e0645525e8ab67c5bc39ec34666b40cdb','b0bd2c7a12bb273244f3a2109a66c803d8639620','WIRASWASTA','1','30337f4b5c56ec3ded60b631a4191493e062fcb7',NULL,'edb111ea250cdd4898bad3df15ec4600a74e8510'),('12137080',NULL,'5b3dd32ae4fc1d98476bc45cbec6a3d148969395',3,'L','e81a45bab03d0ef48d7e','2000-09-17','a2ef55be067231a192617f4b255949f4aeadd08c','a65364c6f06ea3350291d737abb27ac3d951ecb6','PNS','1','0cf8a577756c1e9d5d03f52f622da24c579ebabc','208e74c5277b7a031b1acf6e6d08c41d0b9551f3','072c61e8907635ee50472f95a2b60385e3d69296'),('12137081','0002551750','951ef69639e06b7771b3f7716ff1738c0c17818a',1,'L','46475b36a4be45c4a9ae','1999-09-20','0aed5d8cf5ece6c5b481952471824f338a3de728','a8dc5cb593066e11fcbcde4b528818e503a06969','PETANI','3','90dd0d173332a7d3f609e25dd56ec5f7dc656cf1','74ceb6734b485bec407095e473f7910982b26281','2a9d7157a4f24422777f1d6d91e01da1beca2966'),('12137082',NULL,'eb9c1f662a53b26942d38e4262434f700fa7df5d',3,'L','52817b0f2dd344564c46','1999-03-07','39803de058787dde97f6349ea174fb7583a02a07','557305b7941e6e2751fed8fd43037e96803d18c8','PEG. SWASTA','1','4fd149a2ffa416bb4a3f1d7bbe045b806d98ac17','2315fa2113f62fceb3fd450140331080a6f11fdd','f773af9c85f28bbae8915b9a7975efcb3392fcd9'),('12137083','0002475623','1c059fa146797415c293c21090be7789dd894813',1,'P','46475b36a4be45c4a9ae','0000-00-00','5523eabe5ef584cf57bbe75b27738d33fb45d48f',NULL,NULL,'2',NULL,'31d2f91db4d9d31536acc78e723a4bdb9d54fce8','3c2343f5718d2d1e49a4fb79796ac7f235f094aa'),('12137084','9993555290','165de8ecdba512c058360068c001bbc84e1e9253',2,'P','46475b36a4be45c4a9ae','1999-08-29','4bd93175d0b4cdddd0ae8dab0f2b115144d4eef5',NULL,'BURUH','3','16c729ae082b2bb1a0b9a49ac3604319cf39a13e','6a2e5c7c2c3639a5994da1f83b0d86e65731d038','3a5300b6adcdb9a36a595382a6e884254a303c92'),('12137085',NULL,'a23c1303351d93304343f0f5765e020e7dc8cd03',1,'P','46475b36a4be45c4a9ae','2000-04-24','1a323d706da379a95f7506b2fdc45b4dab2aa69a','1d094e5f242ce92d7b6ec006d8499824beda39b6','PNS','1','eb520860d8bf9c2f0bab6da3557a3eeeabed55e0','4016b569abbefba201e1982a516da073823c8c3b','28f7110d8d8c3aa392641445904c3b4b20980e64'),('12137086',NULL,'a307e491699ca64e0d2f910ab32f40c18277a181',1,'P','46475b36a4be45c4a9ae','1999-05-07','b0954274981d1f3f9bdd484021e70a4acec6856f','0d57775e5fc895ac9428b57c77c4dcc132c086dc','BURUH',NULL,'40b8ad3d5f00302ff33e0452388c651c53dc6f02','e9863fff0ac2ac684a9e403df5107be3dbc66ba1','1f5932a720dd5bd94bc7fbf972c2e13b50d06dd9'),('12137087','0002419007','f73f6ca81b8bf4529b4293f07c1d6bac4dd4a889',4,'P','98120899adac847a40c5','2000-03-14','cbc6ba327b8dce0e85e6451c2493c5007a4897cb','9ec43b9ab89eb74d0bd6fb3bdba11880302f1aca','BURUH','2','f8bfbcb07a92b382a616d68e11e2274a68f93726','ef9022e6097441325186a9cd93322ec57d659d00','4fdb7b40ea0df70ca6b8f941de76573102086688'),('12137088','0002478313','127ba6dbe3756d38b522f53fbbe038caad2758e0',2,'P','46475b36a4be45c4a9ae','2000-03-23','da83b1b68db2fffd9a352ae24f938ab28173deb2','370616c06a8e22ab417b2f72782e3e2a79ce56b1','WIRASWASTA',NULL,'ef5c9e0648b295f58778018d73948575232af81b','7cc3e7d2052946703ebc9356c2ed74b5f2456210','060877b849af2ae9c9590210e2e7867977d431ab'),('12137089',NULL,'6a5d29bfd0809af2be8d1427448d684eed95c41d',1,'L','46475b36a4be45c4a9ae','1999-11-13','412df13a2824ae5f4d29d8f5f93b448646a0388c','1b2a1bcb941d0138d9b3235486516b6541103b6f','BURUH','3','06ab2e294dab89ba7ab7f105ca7ec209408ded67','878c3494f228d2bea5ecdb12404752aceca2f636','dd17e99a9fc540d6c83174ef4d64cc7dbd86cf13'),('12137090',NULL,'c653baffbd459416b0f247402f42611e81ce96e5',4,'L','46475b36a4be45c4a9ae','2000-12-15','959c8231154e44fe1086f5c214285abb85fdda14','4862dbba535fce8849cb9841299fef55e70a7b03','WIRASWASTA','2','fdcd3d7eafb7ceb53d73181a7a97a563510c6402','ae3b12a124cb7f00934516dc153d7214841d056d','f09c8bb63aab6ba9c278218788f5081900ac52ce'),('12137091',NULL,'d411cda34641e6be6ff885de0ada5a9ede45eb67',4,'L','52817b0f2dd344564c46','1999-08-12','2867c68bdbaa6e47063ba2cd4755fd9065a5b259','b929e2d787e00a3ac9fa54bc250ead109d3de26a','WIRASWASTA',NULL,'868be3a8f49f361ef9091e82d56f8fed36f640d3',NULL,NULL),('12137092',NULL,'784fc43d40ba838b2cc30b63f332bed72ff0502a',2,'L','46475b36a4be45c4a9ae','2000-07-17','f2c99da6e6631d3f082c8792f3d390995a3dc5f5','c7cedbce25eef2148b1f7983a2989690916c5634','WIRASWASTA',NULL,'230420a3cedc4582a96884dfc0fd9961715eaaac',NULL,'cc453621c5b9dee81623c5fda064a11d8cc998d0'),('12137093','0002453130','beb67200e856720e32d5bcfd105a2969100c3c9b',4,'L','46475b36a4be45c4a9ae','2000-08-09','4b3670d019bc9d607bdaa66e5d04667fe2bbe811','d56d18c9b4b0dc0b19305dec1cb6e608d8edb8db','WIRASWASTA','3','d0e4dc5e78ace663e7c308ae23443a50ad9b84c7','227cf83318207d623b9da3eeeee3db7583e0c29d','1fe77a92e2ad2c4f4c95eaf1fa00622c00af9abc'),('12137094',NULL,'3ae7fae1bace57b5163155898a156227b2312ba4',2,'L','46475b36a4be45c4a9ae','1999-12-02','7a77bbc3ba6a3ee78082970c57616583c245aee2','4d48d2e489d1c8bbe4fbbc3925f97b933b4ac6ce','BURUH',NULL,'8b5996d8270651cd060982f7a71750a89ee9f844',NULL,'19cc81cfa60e6c3c1f6fbd95ae9e8804041da34f'),('12137095',NULL,'97a6443d1969af2f7233d89d490a4875ad5b6ef4',2,'L','46475b36a4be45c4a9ae','2000-06-07','6166608d1b72b4d2851136b937e40d3773db606a','fee9caff59cb8265808f4865f2b5018344f9db9d','GURU','2','36a6b04d40ab28fcfb04ae29fe4207465cf909cb','3145c4466cba263e343dd2c2529a01ad496e15ff','28f7110d8d8c3aa392641445904c3b4b20980e64'),('12137096',NULL,'9b61c10c3e34b914649c1086333f0ccee01a69c4',4,'P','52817b0f2dd344564c46','2000-05-11','5dfb019f27d4bbb35b926c27c0cf1c86081188a0','445948a3c68c0c15a481349b552f64562c9ecbc6','PNS','1','a1e81628b14b1976f35e53c51e0c2163cfdfff59',NULL,'28f7110d8d8c3aa392641445904c3b4b20980e64'),('12137097',NULL,'ce0d66b5dd472c10e19d8a81c5fae590edc1d0f4',4,'P','46475b36a4be45c4a9ae','2000-03-09','9990ce6dac8268069d85a8b115ed64df47476e69','e9e38a0ccee7d98f49171adee93e5c2b5a279b8b','DAGANG','1','865c3c48620825c39ae8d3d94f5bf3b2d00d15e0','4b616a658df7dfbf215d8bd7c91ea60e8a9c584b','28f7110d8d8c3aa392641445904c3b4b20980e64'),('12137098',NULL,'2d85f5a7858531a924740596366e503539b43359',3,'L','46475b36a4be45c4a9ae','2000-06-29','b39cded9fad13e93bd0eba52d2ffafd6a5bfcfa9','7cb4b44e86dec81353870a87d50d48bb90542978','BURUH','3','9b6cebb9a0e28057e6f6e2f4b3ab9accbe1449b4','74fe71c5bedc4998fe3086b4068dfaf0f0f4ce8a','19cc81cfa60e6c3c1f6fbd95ae9e8804041da34f'),('12137099',NULL,'f9d88b187f6f09ea4b1dd9417324d62e1d8ef92a',3,'L','7dac66009f1ea654e8d1','0000-00-00','5aa51588e5167824a02d06a7734324e3c8d3eeca',NULL,'PEG.SWASTA',NULL,'e05e410dc054c6abc0b970ab305008a0c7096689','c6599bfc790d4bd160b328b91c9bf1c714ce1316','2a7727a042869ab86554184231740dc0f9db0c13'),('12137100',NULL,'a12ef7d31e14ffe27cc1a6c11d86573aa2a8afa2',3,'P','46475b36a4be45c4a9ae','2001-03-17','f0502a4dcdd3e9b6864693947a6b0bbdccf6813e','605fe0d1741c33ba79d18930902ac1fe1868ede4','BURUH','3','1f378c82a911861e3300153e93ddcd0c1fb52c25','035eb68ecdc2a57e865c0e4f2ff32783527e81f7','edb111ea250cdd4898bad3df15ec4600a74e8510'),('12137101','0002477483','755a07d4d32f7be87df064e1a651b160febad8da',1,'P','46475b36a4be45c4a9ae','1999-12-31','4fb58fcf27fd591e84f1a207234b34e9558320e7','6328f7075fc24018a4a6baf5aa3676302fdd21df','BURUH','3','3e052b0ad5073f801700694e3fc7900115de73a7','7837e4c236b775ffc26f74f5945fe51c8a448902','08028f3e4b1000e00520e0af138c7dee0f17eb8f'),('12137102','9993474709','e48f7420b06cf1c91d90cb00d1c11ee2b28cecca',4,'P','46475b36a4be45c4a9ae','1999-05-22','391aed47ed4938544a69c83733743d6a950dae3b','3312a353ec7d37e35bf367de4fa4fed7523488e2','DAGANG','2','9019f94a8938285ec86965103061cd73bca98308',NULL,'0ea555053d6716201f6547b8b1312fe7ad23a7ef'),('12137103','0002477416','86bb8966c8590eced6c243cf49c435598d5fdc48',3,'P','46475b36a4be45c4a9ae','2000-01-20','a7c1e567ecd411a8f11d66958d0ce68841bc64cd','942b31adbac5c4aec19ecc203f17932791b1ecaf','WIRASWASTA','2','c6b0060a248408d1b7a0ed590a34985167138619',NULL,'1a512f55d34cae5bd12bdbcd386e67e1d2e80ab1'),('12137104',NULL,'6991d2846fa85774808b4aeb0aaccbfe1595278d',4,'P','46475b36a4be45c4a9ae','0000-00-00','14b79764a1f981eca100a613efac25193158eb81','2415eb7183e9ba045c23c5acd451c58e34dc997f','WIRASWASTA',NULL,'7edd7af3e8162f34d6f9ec258b4634b76ca4976f',NULL,NULL),('12137105',NULL,'95d7f29c4fdd7a61fa03ff78c9730c9985d279f0',1,'P','46475b36a4be45c4a9ae','2000-04-18','eb081bd412849b6fd0a122f078bf082c928254dc','722d7d340c083b0978de0dda45b3aced0c75b2ed','GURU',NULL,'f0ebc1c5bfac86e863cbe34f8d9b4024d52ef02c',NULL,NULL),('12137106',NULL,'fbadab9907fd9cd81824dbbeb84fe5261417abcd',3,'P','46475b36a4be45c4a9ae','1999-02-07','7cab4a45af9deef34228ce0348859de739416c39','1807f073c66fba47e970506b232a783d9cf1ac06','BURUH','3','6ceccd49ed2f51307a100944ae734346f08e7dc4',NULL,'0808a5315bf92976c887799a54c4598c93e6d780'),('12137107','0002477485','7fb89a0835653d25459a9687dfa9e66c88a8d244',1,'P','46475b36a4be45c4a9ae','2000-09-05','0b904108e5a401a9ec2dcceafacef0aee33919b0','fa70edaa20c5cfce0aa44a578880fe5c03e01934','WIRASWASTA','2','f4be2431264439064af3bc7c42f2e0addc4e3698',NULL,'08028f3e4b1000e00520e0af138c7dee0f17eb8f'),('12137108',NULL,'aa53b84e7309807ececcffc187de15f9927217c0',4,'P','46475b36a4be45c4a9ae','1999-12-24','5fda4f7b88e40343d01714c0536a8b9437493208','25bd2260e4b414e3e335ab73f998b31a31519a72','WIRASWASTA','1','19033fad3e726a1a8dea7fe9e5baa701057d6770',NULL,'28f7110d8d8c3aa392641445904c3b4b20980e64'),('12137109',NULL,'29c894ae9ee320312396c0846b5645308af0fc0f',4,'P','46475b36a4be45c4a9ae','2000-08-02','920fd616116834fadece2edc621e8451ddca2e5a','8657e1f8b550db060f3dd063a42dfad9485d4495','BURUH','3','be73a65d7f21cf22b47a1994f42e7f99512bb27d',NULL,'edb111ea250cdd4898bad3df15ec4600a74e8510'),('12137110','9983437826','ee33f64e235c4efc802eb9b5fb2c08a1ed0a9352',4,'P','46475b36a4be45c4a9ae','1998-11-03','c8236b73a09703a01b4e1109021393fd9824e794','11a04f539c1353cf92f712830386409904e8a535','PEDAGANG','3','ac9d4a76b17fe814486a73827715a9978141ed50',NULL,NULL),('12137111',NULL,'56222ee2d90a5e3e33d7819485ba9931d0380db9',1,'P','46475b36a4be45c4a9ae','2000-01-29','85706f775b46ed18f3ffb9add928a7bf39a5a2d7','06585cfdf6afb649f0999a66e3347d5ce4196114','WIRASWASTA','2','73a4abe1ec95474ac166aff8c52f8c241d823c6b',NULL,'28f7110d8d8c3aa392641445904c3b4b20980e64'),('12137112',NULL,'445e044888cc4a7d7628850a9dc1fe403b10c02b',1,'P','46475b36a4be45c4a9ae','2000-09-27','dbdd9550fa87353edc0d3fb36b1ae8644b613d67',NULL,'WIRASWASTA',NULL,'aede17cfabb832cbf3091eea836dae92a49b4c04',NULL,'c8380ffa688383758da4a6e85e6971d8412e5c6f'),('12137113',NULL,'a65ba193763abbe67bbb1d0ce12232f95d6b2c9f',4,'L','46475b36a4be45c4a9ae','2000-04-13','77ce191bd52cb0e6d8664e640deff687847565eb','3e5a205a4f2b8fcfebe831654834931e4651e28c','KARYAWAN','1','49fbc677f63051f0683c76a865472393c8a7aa6d',NULL,'d167be8287ea4df02fd0c690d9717ee8b1ef9968'),('12137114',' ','82f58db8819636260527acc48eef996347ecd06a',1,'L','46475b36a4be45c4a9ae','2000-04-05','63fedbd2d02fdbc784355d9d3b8a37fea71acadd','f4c6c3eaa21b6c39bae6d10305e2ca575b820dd4','WIRASWASTA','1','b5c5095d72e9493720b64206e3b1014483534fd1',NULL,'b4d4297d3b61d54c7153db5902c8a9456b0bfd7f'),('12137115',NULL,'b70bc3d01e17026ca128649ee24df3a70d05911f',4,'L','46475b36a4be45c4a9ae','2000-09-07','81907e5532d099ed78bcf311c258e2d93d75be53','a6a0cbe0d1daccc0c29d57d6b18e9e1f68c9b604','WIRASWASTA',NULL,'8be92259c3d6210af8d97af42478521dcd95545e',NULL,NULL),('12137116','0001769829','4fc97d0cee43c3c8455693d27ade05e50600a05d',1,'L','46475b36a4be45c4a9ae','2000-04-08','1cb1a0c5bdde8398157d7ffca3576b82c9fe6106','fbbad59bd4fa03d2e40aacde5a4825f3a2106a81','WIRASWASTA','2','73897749421ccd19a1ca55473193f9b5d0ee8db9',NULL,'bb4a97fba03f83d737f6c37d5da6101aba31cbe0'),('12137117',NULL,'cb070f9419b2f7334644d8e16f5ba89d6d0b9df7',2,'P','46475b36a4be45c4a9ae','1999-09-05','42a25cb9bba100db3fbad0f3e12147a01a5e9afb','c468cb942956cbef740e784a107ebefc66037f8e','WIRASWASTA','2','e5e3ba3a7facf96e7fac2a5e82435f9469252ec1',NULL,'f5ba9150384c66237ad5f2c5c60e83f0677428fa'),('12137118',NULL,'2a4cfd51f7c8db3cbe72c1847c29e1083d54a01f',1,'P','46475b36a4be45c4a9ae','2000-01-26','7404e40582cf912b0738ff99950766fb730c469f','cb27896069b9252436ddcc7ed8ffa01e3daacc91','SOPIR','2','f75b60e7d70fe3e6b791700b1fd8c0df2925ddd3',NULL,NULL),('12137119','0002455196','7cf3eebda8f0f827c90c717c65d8f1df50f3bf97',4,'P','46475b36a4be45c4a9ae','2000-04-14','ab594573bcfa1ff33b4c211b487d41a7f9344e74','4ce8704c3939c45403d41efca7f65221df5b686f','WIRASWASTA','1','7ff69c9fc6a6c16872295ef0668ed9a03697bbf5',NULL,'98acdbaffb9dd801f364fae84a965c6b9f2d0f6e'),('12137120',NULL,'8c4e1147eb0bac92691d111f8afa01ae1d97eaa7',4,'P','46475b36a4be45c4a9ae','2000-11-24','ffbb711743908c2b59f0d90d3e1a32aed9ae2731','5d2496f433104b4f3f5a9afefd036eba96ddf19f','WIRASWASTA','1','91054d749143eeef97c26bae35e826649a6bc8c3',NULL,'28f7110d8d8c3aa392641445904c3b4b20980e64'),('12137121',NULL,'2d0374de0a63af766dcb64a2f5c24967385dc5e5',1,'P','46475b36a4be45c4a9ae','2000-02-24','93872bf8de999f87c2f17ae65b30bf3db624bee3','d16f245ceae575c58c7e95d4ba9f21d8ef0522b4','BURUH',NULL,'e9c0c659b294cb0789dcadb1d13b0fa03674e0bc',NULL,'6d1743b88f3ad19d34f1476423c7e834e37284b6'),('12137122',NULL,'8cee21527f69b24bbbe9fae389d717a23534b484',2,'P','46475b36a4be45c4a9ae','2000-12-09','ea0db6a18e66449c87517be404d1359cdd553f9d','3ffe07f795d5d29252dbb108683e1ac06e77c36d','WIRASWATA',NULL,'89dcb0515d72b0ba04a9afa2b1bfe469975c00e1',NULL,'2414dd9a54df374ee6d2b2851ec10da3c6d6b4b1'),('12137123',NULL,'53a48fc94d9df7672e3b5fc97442f7c01aafe409',2,'P','46475b36a4be45c4a9ae','1999-11-28','e8f278d3e5f8d5175e23b84b5cfd8177c94472b3','446eced070921d12672c790c33b13c5ec95ef7f9','BURUH','3','f7b9e71df1d29b90b826f0363e6633cefab1ff7c',NULL,'28f7110d8d8c3aa392641445904c3b4b20980e64'),('12137124',NULL,'03a0f46afb5f77c69ab2feab697b81d29e12e426',4,'L','46475b36a4be45c4a9ae','2000-05-11','c8acdeefde3d6ddc280119e8bfaa0cafe2076306','d207249dfa3a5c150aacd2d9abb1ebad90630a50','BURUH','3','f3dec6c02bf5a8530a7e101a93acd58c8098446f',NULL,'361359a304adf79a26a52de80675bdc4829e1580'),('12137125',NULL,'b93f072ef594cf054a8c136b7d14acb4ca78dedf',4,'P','46475b36a4be45c4a9ae','2000-10-08','f850c552dae013552b971d54ce7a0d4bfda92fae','72f2fabcd166b6edcbd71a536ab5ab23ce4c2d7a','WIRASWASTA','3','3798803716a3fd25659d47d9ddf117dbfbe5dd0d',NULL,'32db037679c737a333f6757feff4415db3cfc8ef'),('12137126','9993536878','65942d7d07dd3e083307a151fc64c48fff9b2e24',2,'L','46475b36a4be45c4a9ae','1999-06-30','d6c6bda95f12c968c989faab178feb259f7a0a95','cef494f6d7114275f61660ae7262338aef0487be','WIRASWASTA',NULL,'82f770b44e2fe9d2cdfc5948547f8e95aeab8df7',NULL,'19cc81cfa60e6c3c1f6fbd95ae9e8804041da34f'),('12137127',NULL,'5f365de6e7a869fb547efe776822f75073fbd234',2,'L','46475b36a4be45c4a9ae','2001-04-12','4e4d453fe62d4029be7857792e3d346bd3c418ac','a453b1314d8a1d2c9c3c1c3d4f5b0138be88165f','WIRASWASTA',NULL,'40a5428f4da4397fd90fe431dc9bb4434913849c',NULL,'a6bfe18812c12dc780ab3d335284a8b8c94b791f'),('12137128','9993474715','789170b0bc7e962be6a98b3b1da0e4f2d417c5b3',2,'L','46475b36a4be45c4a9ae','1999-05-07','a3193dd7aa85572c28f3750d20bcd244111d5c5d','9e0eec7c6c07abe8eac26fbdef93c908fb3dcdc2','BURUH','3','e3befccc53a1604ce3713ade234cf4678825d97f',NULL,'0ea555053d6716201f6547b8b1312fe7ad23a7ef'),('12137129',NULL,'5082b59a8815bc365010fd3c53160bc7f566cb20',2,'L','8f8adc2d957e9c9300b4','1999-11-22',NULL,NULL,NULL,NULL,NULL,NULL,NULL),('12137130','0002477418','2a8f7bb23968b7ec4f73129dd17debd02296c128',3,'P','46475b36a4be45c4a9ae','2000-12-03','04ab1a0fd6b9a8f39375d54c5b06f6d18235ad99','47b7c95905aa31b03efd4de6b6941f57dc58d379','PNS','1','c8a6b186c1bc372feb73ae5c77c4c4b08bc4de0f',NULL,'1a512f55d34cae5bd12bdbcd386e67e1d2e80ab1'),('12137131',NULL,'0db4c511c69295f5d731004b7265dfb2c143421b',3,'L','46475b36a4be45c4a9ae','1999-06-22','d6559b37c99d47883a296ecbb1d8a8b0a6aedcc9','057f4c97360239b56fb14301e4ea7c0429363b31','SOPIR','3','d05abc7ee6834bc83d3734aa24a65e8493586173',NULL,'99eab7e63fdf2d33c5cb632e297e343a2286b347'),('12137132',NULL,'c37ffc1bd710f7376ead724d4fb62383b715636e',2,'L','46475b36a4be45c4a9ae','1999-12-07','bc3110e54655794e74b0b048f918ea1ccc713fb0','1a4b9d731569ca5e8d56d7654f97ba5ed20c9cf4','-','3','9b318f133d4fe74f6a4117515a97cd5dc16fc1ea',NULL,'54d3644324ee67d2db26d4d52e36ea048dae14ba'),('12137133',NULL,'df7dc2e59f9cd4f1cee4584b9f13e51f3ef3ff58',2,'P','46475b36a4be45c4a9ae','2000-06-25','a909fddaad3f75dc373a5621bfebfd0c3207028b','0943af0116a58f50f991964c264a167d8efdc02d','PNS','1','c6214d4fe39d8b2457e1146bf9329736ab8d4d94',NULL,'28f7110d8d8c3aa392641445904c3b4b20980e64'),('12137134','0000562487','bdb76ab9fd1f82672a1df60a5c26112d09fe809c',1,'L','98120899adac847a40c5','2000-09-09','5ff0c6cd98e32c927c1cf457c83c30340da3abd8','ea2a8233ba8a328de24a4a6c53dc36d23cbf4a5b','KARYAWAN','1','1f98883eeb9025f9e9d9765d48578b9ed520cb8a',NULL,'5d5416c76b55c6f74494bb81af57a76d4afb9432'),('12137135','0002477584','6b77d901e3cbb40f2cf934e4080d460e680ec817',4,'P','46475b36a4be45c4a9ae','2000-11-19','e43c0d21f415d9d2e919b2709c20d68791b0972e','49f79b622dac6c63c37cd0ab0a7c56b22faf795f','BURUH','3','1ca1a98d3f88fe23e3af6f1971196d9b7e847d4c',NULL,'cb0b9202860a67bbd02be0c7f72de288af3a2c2b'),('12137136',NULL,'5b346e5581d7b2ffc1ec865043d844d96f2c8674',2,'P','46475b36a4be45c4a9ae','0000-00-00','9d2d754ce63a6eadca4597a96d7f9bc600f74662','ce4f563f7c9c87da19977a52b58e9f6ab9d0a390','WIRASWASTA',NULL,NULL,NULL,NULL),('12137137','9992347577','f577f01008c97f4fd6d58186f93f81fdffe980b5',3,'L','46475b36a4be45c4a9ae','1999-07-15','0c9e8670d23d9d6823e2996435b0c4eb310815ec','242bab5dc831e7083e07d9deffd5a48690f2c049','WIRASWASTA','2','73897749421ccd19a1ca55473193f9b5d0ee8db9',NULL,'bb4a97fba03f83d737f6c37d5da6101aba31cbe0'),('12137138','0010216976','f6cd633b72126e937b99d604b3b5bd33c6c84971',3,'P','46475b36a4be45c4a9ae','2000-03-04','b9e07a77084ffb395d34d78704ae9c0ea89483e2','b50afad4900dd61870429672205314d6da82ba9c','PNS','1','243bde3bd5fb5414d01a62c3b0c5f61c507aded8',NULL,'1a512f55d34cae5bd12bdbcd386e67e1d2e80ab1'),('12137139',NULL,'87e9dfaf5d33e6e9c2ce14f8a265d932579f60e6',2,'P','46475b36a4be45c4a9ae','2000-09-12','829a691ae94c1b2e1f045996dffc2756534d4a96','94eac3ab20bb613551369a13f9cd4b8786a180f6','WIRASWASTA','2','1151c9c259be767f64bb38f425db1dc3644f189e',NULL,'28f7110d8d8c3aa392641445904c3b4b20980e64'),('12137140',NULL,'5b20f3bdf31db3a8e73db1f535d9b271fec822a3',4,'P','46475b36a4be45c4a9ae','1999-03-15','eb8b9bc9bb6be0ff24ef2be9550c5ad846bab2e0',NULL,NULL,NULL,'4114c1cd0516926e5c7b089377a220523295645c',NULL,NULL),('12137141','9983576820','44cc3576256f073923714b3f8aeaf6003c6a9bc8',3,'P','46475b36a4be45c4a9ae','1998-09-23','dbf20b44f2c51bd30a1e74f8f195254ae15f88f6','e46d35be56b8daa47500bd18ba359fb976ed41c2','KAR. SWASTA','2','0eeb2e0541febf980126cd5ccd27366f8ec63525',NULL,'1c5341f0954cae1cf98e3202f3720d11f8871c26'),('12137142',NULL,'2b44e5bb0e30faf93bcc381a4765c3399c76f925',3,'P','46475b36a4be45c4a9ae','2000-02-29','f13c9eb6615e4446aa724d68b80a11d6c5b01c0e','b63f3c32793559d3ab7ff0f63eddaa013ef42883','BURUH','2','4e7d6300367f10da3f466d10a56e67ab8a48a444',NULL,NULL),('12137143','0001769821','71ac03f2b6d35b63b37272152edb68c11f746474',1,'P','46475b36a4be45c4a9ae','2000-02-12','aa3e3f10a2aaa71570ceaa096d422ee7439ce4d3','c0e5e1e4cb38d525be3f4cc076cfbaceb916f656','BURUH','3','73897749421ccd19a1ca55473193f9b5d0ee8db9',NULL,'bb4a97fba03f83d737f6c37d5da6101aba31cbe0'),('12137144',NULL,'6111c2e53bfa7f4a7af8eb7469aac0423c4c7edc',4,'L','46475b36a4be45c4a9ae','2000-09-28','42213d0e12c5f8606e77196af05f552bb3f73df8','953f044986b7f9a266dd604321b2d076bbfebf9e','WIRASWASTA','2','38d9404fb27e9193a6e66d66f183e24c9dcade83',NULL,NULL),('12137145',NULL,'8a07ed927da10135f51f1bb905891e7e168d56dc',2,'L','46475b36a4be45c4a9ae','1999-12-20','e0fa0e90e69fe98f8b2ac6f1f75cb3c5960bbbd8','d608f7e7c0ea72ef05d859ec49b7aa0212a87328','WIRASWASTA','2','ee5e3b61b056c2a193d8e424f95497fa96ffe88b',NULL,'e54097ab71ae7c91ddca7fa94266d4281b9615b2'),('12137146','0002492687','fc20115c9d3cde944cac429d8f4e6de47c32a62d',1,'P','46475b36a4be45c4a9ae','2000-02-02','45685ba5699d668167999c0df3cf72dbede1ebf3','e11504a0d4cfb1f2d54ff58b0105a8a132fd0554','PNS','1','fe04a5d90e7cb221433ce2884a338344206e0367',NULL,'bbecefc91f999e5bdce88425f0963e4ab0e6cdea'),('12137147',NULL,'98cf97662a2f26ad83feb05616b3d28b7ed16f95',1,'P','397329891744ac599800','2000-02-10','27588deb2edaf44fefb87a8750fa0d3b95da485e','106273e47c1610ffa44e3637205b0dc6376cd54e','KARYAWAN BUMN','1','9ccaeba461c9b9f26fa59a545579142a1ca81cd8',NULL,'28f7110d8d8c3aa392641445904c3b4b20980e64'),('12137148',NULL,'747934bb1c18d63354dfd8f7e4def41267049675',4,'L','46475b36a4be45c4a9ae','2000-02-22','6474c4e313418fc2d86b5f079c8517f08c2cc3d4','63710bfca90ebcd7bd18d6df4003ca660aae1725','BURUH','3','9132fbbf03c1c9ce092240008ac05205ef623550',NULL,'ec2a0cbacffdc6c0a0f9ea92e44fc809972619f7'),('12137149','9993474730','623127c2383195852fa4502bea42e34c8ce23750',1,'L','46475b36a4be45c4a9ae','1998-12-30','afdfb478a002bacca7edd06ac003c396484276c1','5d16e24dc91262c1957d092db9af12f7894c36af','BURUH','3','1cbb3855e5454261d84ff972d1df58738a0e4392',NULL,'0ea555053d6716201f6547b8b1312fe7ad23a7ef'),('12137150',NULL,'45b3a03f8233386fe13a821e787ba203b92a4b55',4,'L','46475b36a4be45c4a9ae','2000-08-01','c30977e86bb7fb7188ace4a45a70f86cab78a218',NULL,'WIRASWASTA','1','1da9cb33065d4f8fc0f38cab5b86e53bd499728f',NULL,'46604d931385a41c2f08ce7de52d2e3d6afea290'),('12137151','9996274283','100a6caf9c2347662a6770d0ddb7320699760895',4,'L','e81a45bab03d0ef48d7e','1999-03-01','3bf9fa0b273fcfc1c3e1e235081f8a18d8735ac2','90837fa7aa85c320bfa17ae27f773d36e915c2a6',NULL,'3','8de9e9fba36be5773ae2e2773c92373ca7906820',NULL,'525c4102b58a7e0c57f2708ad6986fd5e153bb89'),('12137152',NULL,'88464bef46fd0b8ac6b742b06bd144bc68aec243',3,'P','055da12553b22dad9f51','2000-09-11','88c10ae76b8c63ad3985efee1d14c9de01e614fa','d6447735d203c5506a6f6d39a11042539bfd888e','GURU','1','584aece55eb2c22d2f2e986fcc62c1fdaa6d4536',NULL,'28f7110d8d8c3aa392641445904c3b4b20980e64'),('12137153',NULL,'920b0f0bcb24b19aebf545c402d107ab981d5e9c',4,'L','46475b36a4be45c4a9ae','2000-03-14','bcf950dae2f51fbf0ce32c07d5c5ce35d9e6ce42','d7d089617fb503a29e5756654b4bab2163f0ede9','BURUH','3','db59e1d2d96c313c0f3f4f961b509217aa5591c8',NULL,'28f7110d8d8c3aa392641445904c3b4b20980e64'),('12137154','0001769836','f802939527c511786c48b845cd3a6cf6a8f05be9',3,'L','46475b36a4be45c4a9ae','2000-07-01','7466da8142d8482225e89fd5e1368c1a29ea07cb','97b57f2f3b840d461250e5502af202dc64895977','KARYAWAN','2','fdf4e67ca752db64ccee016a0b271928fa21d668',NULL,'bb4a97fba03f83d737f6c37d5da6101aba31cbe0'),('12139157',NULL,'b294ece85755c56880ab175d97064b718a920d07',3,'P','46475b36a4be45c4a9ae','1996-07-30','c452caef38c937d7f7e4e29848b22b8ed8d1247f',NULL,NULL,'2','4fcd8c21844b2e162d4a4251703529fa7b690145',NULL,NULL),('12139158',NULL,'f8006591b4aa34b41f1a216e8e29160c3b4404e3',2,'L','46475b36a4be45c4a9ae','1998-09-15','cbd914e20e65e11f1d0b551c22a90534826fe50b','bfe60907f469bf9ab58e12e1fdb9b75de61f3d48',NULL,NULL,'28b38acb93e7e91b71ff3e741cebd834b76d0b10',NULL,NULL),('12139159',NULL,'1f3152241050fe6fb3432f5e40c348dea10065d1',3,'P','c338da5fc31e39a9ff7e','0000-00-00','0ec4bf42bd207b2116ba5fa2ff8cfa66fc2489ec','4b7d7a63b28c33c0911edeb5912e99f93bb8dad2',NULL,NULL,'edef04914b5b012d18d03b7c3b4af6d6a624a7c3',NULL,NULL),('1234189','123','d675f0001f199686018ba9b9c09ef51d77789d45',3,'L','c88093672a5c88316231','1989-08-18','bc5209af83d21408186a764ee80709be7db52a0f','5ca120362264ed0c27a40936bc1bb0615f88f08b','mhik','8','7d9a469891f34025532985190f68fc413a8b76e3','0422a03f6d5f7834cbb595ed5c6a538e928a40cc','57536cd588ec6f1a139ba5d9664cc861e23ed6eb'),('20202','12','9a145f4e13b1ca19250c947e2885319f2a80a7ef',2,'L','9a4868e38431f30fed4d','1898-03-25','13c54f3cf75b91c2b7e4ee3edba439fcaf2ae8a7','503ecbdf0d257d9d3536dcd6c30f873535c7ef57','Dosen','1','d6f5109f9c4ccd57188f67b481dc178ab4c42981','c31514266b5c29a9c8090e7221d98350a27f20fe','ec7efaa665e35fb880a0397117c70e3879f0315b'),('21232415','','412c2bd3a821dbf5e956e815c979d0692980ca94',1,'L','47921e674d374ff8ab84','1988-08-17','b44ba07064ed5ad8f8930b11c037e6701f79d0b7','6fa19207309055b1e93a649951111dff4671fc6a','wertia','4','dce1be5bda40a17fdb96d96c320bdd491843f31d','d35d69e891aba91ddb8f9a335e16385918ed8d02','b6868b8fe64fe8e8d2b4d78b690c4b99638166ab'),('2565781','890','50f318330c0029c3ce8e4cf1da32eb434dbb686c',1,'L','a8ed193c4e99b5081a28','1987-08-20','be6b3f16ad05eec43848be8cad6fafe7b4ab2c7d','d130ecff0b08c549cebc8b0b25be147c94ca25c4','pegawai','8','1c77c0e4bafb5f934e9f89c66b655752a5d962d9','a6a236cb6087cad03cd67eddf0ec6812b2c4a9ee','e25417ab07731b61c6ff8a26a431396eb1b712c6'),('7891011','1090','5909c87464b65a46a9ca718165ec79b023ee8404',1,'L','8d9024632eac4e8c0733','1980-11-30','362da551634a97cbf9964adb61f2bcb8be133e12','b42ebcfbb3c80bf8ba9b3cf9bf397c1b9b403b40','PNS','1','79c59ad7e884b6f5667feadc025e9550c77336f6','3697b1e7e75a02cff530d7646e1df87ccf912bbf','58c149c6b73d0bc716c847678341e0d7b6de669a'),('8087','21','588a4cd3d2326864673d742e5aa8edd22ebb9286',3,'L','9af42d751ff899ff3edc','1987-08-20','382dc6dd591cfaf126464056812bcf8248ca13f4','57648fb6afa62693b8b5a97f71d74a739dc5773c','PNS','1','624a4cd78f67ec251d12f5488b50905bfecc15fd','5d9afcd9e2a8b8c569c407195445704ef8378753','9e8cca968ee95eca3699dbee31ffa7ee455570bb'),('90909090','789','78b2216343d018eb794a41604e6d7f14cf201102',0,'L','13d2a76c439af8b5c66c','1989-08-19','0315232e9f4f479a934fae3536dc5b25b5d9325e','80681c404bf826f4abd01748c9fc66db21f1f941','gusnni','1','01a26b1dc16541f71048980fa89143771a81d75d','a7e993232f4cff0d965728734d6dc0fc4aa32af0','6193b9eb658995907e16c486a9eca22a8490a315');

/*Table structure for table `tbl_transaksi_pengeluaran` */

DROP TABLE IF EXISTS `tbl_transaksi_pengeluaran`;

CREATE TABLE `tbl_transaksi_pengeluaran` (
  `Id` int(10) unsigned NOT NULL AUTO_INCREMENT,
  `UserId` int(5) unsigned NOT NULL,
  `Deskripsi` varchar(200) NOT NULL,
  `Tanggal` datetime NOT NULL,
  `Ket` varchar(200) NOT NULL,
  `JumlahBenda` int(10) unsigned NOT NULL,
  `HargaSatuan` int(20) unsigned NOT NULL,
  `SatuanId` int(10) unsigned NOT NULL,
  PRIMARY KEY (`Id`),
  KEY `FK_tbl_transaksi_pengeluaran` (`UserId`),
  KEY `FK_tbl_transaksi_pengeluaran1` (`SatuanId`),
  CONSTRAINT `FK_tbl_transaksi_pengeluaran` FOREIGN KEY (`UserId`) REFERENCES `tbl_user` (`Id`) ON DELETE CASCADE ON UPDATE CASCADE,
  CONSTRAINT `FK_tbl_transaksi_pengeluaran1` FOREIGN KEY (`SatuanId`) REFERENCES `tbl_satuan` (`Id`) ON DELETE CASCADE ON UPDATE CASCADE
) ENGINE=InnoDB AUTO_INCREMENT=4 DEFAULT CHARSET=utf8;

/*Data for the table `tbl_transaksi_pengeluaran` */

insert  into `tbl_transaksi_pengeluaran`(`Id`,`UserId`,`Deskripsi`,`Tanggal`,`Ket`,`JumlahBenda`,`HargaSatuan`,`SatuanId`) values (1,3,'Fotocopy','2012-09-30 00:00:00','untuk soal SKI',6,1000,1),(2,1,'baju olahraga','2012-09-18 00:00:00','siswa',7,45000,1),(3,3,'pulpen','1988-09-07 00:00:00','dokumentasi',20,100,3);

/*Table structure for table `tbl_transaksi_siswa` */

DROP TABLE IF EXISTS `tbl_transaksi_siswa`;

CREATE TABLE `tbl_transaksi_siswa` (
  `Id` bigint(20) unsigned NOT NULL AUTO_INCREMENT,
  `UserId` int(5) unsigned NOT NULL,
  `JnstransaksiId` int(15) unsigned NOT NULL,
  `No_IndukSiswa` varchar(15) NOT NULL,
  `TanggalTransaksi` date NOT NULL,
  `Jumlah` int(20) unsigned NOT NULL,
  PRIMARY KEY (`Id`),
  KEY `FK_tbl_transaksi_siswaa2` (`JnstransaksiId`),
  KEY `FK_tbl_transaksi_siswaa3` (`UserId`),
  KEY `FK_tbl_transaksi_siswaa` (`No_IndukSiswa`),
  CONSTRAINT `FK_tbl_transaksi_siswaa` FOREIGN KEY (`No_IndukSiswa`) REFERENCES `tbl_siswa` (`No_Induk`) ON DELETE CASCADE ON UPDATE CASCADE,
  CONSTRAINT `FK_tbl_transaksi_siswaa2` FOREIGN KEY (`JnstransaksiId`) REFERENCES `tbl_jns_transaksi` (`JnstransaksiId`) ON DELETE CASCADE ON UPDATE CASCADE,
  CONSTRAINT `FK_tbl_transaksi_siswaa3` FOREIGN KEY (`UserId`) REFERENCES `tbl_user` (`Id`) ON DELETE CASCADE ON UPDATE CASCADE
) ENGINE=InnoDB AUTO_INCREMENT=15 DEFAULT CHARSET=utf8;

/*Data for the table `tbl_transaksi_siswa` */

insert  into `tbl_transaksi_siswa`(`Id`,`UserId`,`JnstransaksiId`,`No_IndukSiswa`,`TanggalTransaksi`,`Jumlah`) values (3,3,1,'10117004','2012-09-30',60000),(5,3,1,'12137129','2012-09-30',50000),(6,3,1,'10117009','2012-09-30',50000),(8,3,3,'10117089','2012-09-29',65000),(9,2,1,'10117100','2012-09-24',60000),(12,3,2,'10117004','2012-09-12',2000000),(13,1,3,'10117004','2012-09-18',15),(14,3,1,'10117007','2012-10-01',50000);

/*Table structure for table `tbl_user` */

DROP TABLE IF EXISTS `tbl_user`;

CREATE TABLE `tbl_user` (
  `Id` int(5) unsigned NOT NULL AUTO_INCREMENT,
  `UserName` varchar(10) NOT NULL,
  `Password` varchar(10) NOT NULL,
  `SekolahId` int(5) unsigned NOT NULL,
  `AsAdmin` tinyint(1) NOT NULL DEFAULT '0',
  PRIMARY KEY (`Id`),
  UNIQUE KEY `NewIndex1` (`UserName`),
  KEY `FK_tbl_user1` (`SekolahId`),
  CONSTRAINT `FK_tbl_user1` FOREIGN KEY (`SekolahId`) REFERENCES `tbl_sekolah` (`Id`)
) ENGINE=InnoDB AUTO_INCREMENT=4 DEFAULT CHARSET=utf8;

/*Data for the table `tbl_user` */

insert  into `tbl_user`(`Id`,`UserName`,`Password`,`SekolahId`,`AsAdmin`) values (1,'adminsma','test',1,1),(2,'adminsmp','1234',2,1),(3,'admin','admin',1,1);

/*!40101 SET SQL_MODE=@OLD_SQL_MODE */;
/*!40014 SET FOREIGN_KEY_CHECKS=@OLD_FOREIGN_KEY_CHECKS */;
/*!40014 SET UNIQUE_CHECKS=@OLD_UNIQUE_CHECKS */;
/*!40111 SET SQL_NOTES=@OLD_SQL_NOTES */;
